Slope,Interception,RValue,PValue,Standard Error,RSquare,RSquareAdj,Relative Norm Error,Rel Norm Error Std
0.9506848477666608,-0.3487298129245291,0.968260380861967,0.0,0.005114861536369851,0.9373386003161644,0.9372568680557072,0.042492435910967075,0.018422933811241285
