Slope,Interception,RValue,PValue,Standard Error,RSquare,RSquareAdj,Relative Norm Error,Rel Norm Error Std
0.9353676106396039,-0.45760187744371006,0.9741832063186974,0.0,0.004517871847450928,0.9488300429429043,0.9487187070920403,0.03834517487525468,0.016641937771622765
