Slope,Interception,RValue,PValue,Standard Error,RSquare,RSquareAdj,Relative Norm Error,Rel Norm Error Std
0.9102777421984815,0.4903377786767562,0.9722432750022794,0.0,0.004033223797981356,0.9439625762977221,0.9439055504255691,0.0448845127243073,0.02737329713625558
