Slope,Interception,RValue,PValue,Standard Error,RSquare,RSquareAdj,Relative Norm Error,Rel Norm Error Std
0.9485634521379306,0.2807769760279628,0.973929004338913,0.0,0.004067922334404391,0.9485375946666544,0.9484502518198565,0.04330170023289667,0.023947352172090066
