Slope,Interception,RValue,PValue,Standard Error,RSquare,RSquareAdj,Relative Norm Error,Rel Norm Error Std
0.9387587079764234,0.33835525356957774,0.9688460118762519,0.0,0.003310677586230788,0.9386625551178551,0.9386041385036817,0.04489347091470804,0.02507727425064637
