Slope,Interception,RValue,PValue,Standard Error,RSquare,RSquareAdj,Relative Norm Error,Rel Norm Error Std
0.9713147736076235,0.1606111162829027,0.9680499124628695,0.0,0.005244011859084306,0.9358728806600821,0.9357892365913779,0.0430617131079394,0.024985339748781647
