BVTV,DA,E1,E2,E3,Mu12,Mu23,Mu31,Nu12,Nu13,Nu23,ROI Number,Scan,m1,m2,m3
0.1558,2.099,186.08396126600763,247.4634927094145,826.623260394843,75.20573447282968,178.7728433817277,89.65968104138634,0.22558772468662955,0.04082524962911324,0.11061204425152872,1,350407_C0000158_SEG_UNCOMP,0.67306,0.9145,1.41245
0.1612,1.671,155.24980733322698,374.74448262249814,517.7318611210645,80.00923401468418,274.19266165374125,86.70151144701391,0.0992323795648432,0.06096813594070974,0.3311283924051425,2,350407_C0000158_SEG_UNCOMP,0.73085,1.04765,1.2215
0.1666,1.714,156.40529369863998,369.8038974747382,586.2835486917006,82.46886550785827,283.7944890921243,99.20505710832249,0.09681718679435877,0.07157005519849415,0.2889804390039357,3,350407_C0000158_SEG_UNCOMP,0.7231,1.03744,1.23946
0.1781,2.035,211.70192446729092,335.8807658354187,1044.52839911972,113.00266545427606,221.5342627123397,145.68391080982985,0.26295246585495524,0.059778823926688554,0.0983645693220888,4,350407_C0000158_SEG_UNCOMP,0.70341,0.86521,1.43138
0.1164,1.701,124.89257075959385,182.84051139766427,478.92740591619923,45.71996103697913,91.05868365387647,71.76617502023855,0.20945098131398904,0.06988537459899452,0.09896883873044268,5,350407_C0000158_SEG_UNCOMP,0.77596,0.90387,1.32018
0.1604,1.834,162.45473558141524,407.4299680035289,638.7618975259105,85.94741274045514,282.4142318016216,91.66937888672716,0.12587904110167136,0.06957062887940225,0.2590734709753194,6,350407_C0000158_SEG_UNCOMP,0.68994,1.04449,1.26557
