BVTV,DA,E1,E2,E3,Mu12,Mu23,Mu31,Nu12,Nu13,Nu23,ROI Number,Scan,m1,m2,m3
0.1579,2.174,112.42664570727305,211.12361015379503,718.3636878497213,55.89654528181141,110.60005800958758,69.77152538974316,0.18279318709031037,0.0576003240877852,0.07007039767904183,1,350703_C0000117_SEG_UNCOMP,0.66594,0.88647,1.44759
0.1093,2.043,62.53552774568273,155.86663043470773,379.59119049959133,33.199456408809,77.14147248816194,44.0913773533801,0.12069527359536475,0.06032598276077826,0.10013887534571445,2,350703_C0000117_SEG_UNCOMP,0.68182,0.9255,1.39268
0.1024,2.008,65.11633510456903,136.50255465550563,303.2738764473338,29.99388961946297,77.8528340890008,38.4268039832241,0.12604493837518732,0.0630578318047164,0.13253901827090994,3,350703_C0000117_SEG_UNCOMP,0.68699,0.93375,1.37925
0.1728,2.209,132.47620214624422,346.8339255447161,837.2053721522072,82.90274152496156,168.9706823463773,94.82281471225703,0.15767953482582098,0.04870156030421272,0.09648806660825056,4,350703_C0000117_SEG_UNCOMP,0.63739,0.95455,1.40806
0.1605,2.187,104.70131505187966,293.974156607768,664.4196876255781,60.044415046532066,154.34148808013288,76.63688095482942,0.14715258383129504,0.05893744517967938,0.10413155964479266,5,350703_C0000117_SEG_UNCOMP,0.64776,0.93544,1.4168
0.1764,1.915,147.18309403315627,487.557977929373,784.1305848189098,93.75329347905198,227.9922345417976,95.45764975851571,0.11670260046133428,0.060503803820470166,0.15279210492460427,6,350703_C0000117_SEG_UNCOMP,0.67525,1.03188,1.29287
