BVTV,DA,E1,E2,E3,Mu12,Mu23,Mu31,Nu12,Nu13,Nu23,ROI Number,Scan,m1,m2,m3
0.1782,2.205,176.6276022976881,330.68537328232935,1100.9562612458753,99.45095223958495,187.35385683111664,133.99751930033392,0.20413806575996848,0.06076780745143726,0.0751918857869156,1,350701_C0000082_SEG_UNCOMP,0.67726,0.82907,1.49367
0.1973,2.446,196.43236576868887,428.56697369141676,1305.375901289993,93.40879028257015,284.0655900159821,140.71424093450062,0.1954492848540012,0.05394728095548768,0.10483039800461512,2,350701_C0000082_SEG_UNCOMP,0.62067,0.86142,1.51791
0.1303,1.789,127.4606136756915,240.82004525690647,555.3075393203648,67.28941162005496,132.84814873505306,85.82853745987273,0.21943385443656996,0.08517151307872732,0.12271129277316904,3,350701_C0000082_SEG_UNCOMP,0.73588,0.94777,1.31635
0.058,1.798,32.04950011779862,45.914104048646166,164.32672270902145,14.966819605663567,28.503670154503357,17.483793933126773,0.2311213749803685,0.04206537893176869,0.08444077992407253,4,350701_C0000082_SEG_UNCOMP,0.7392,0.93169,1.32911
0.1008,2.323,62.05644980109967,123.14696513067655,509.1931455778007,36.13067509143381,76.46963531060382,37.770333064110886,0.2030822461155693,0.031770062467599294,0.06349269316903637,5,350701_C0000082_SEG_UNCOMP,0.6253,0.92189,1.45281
0.1481,2.166,122.70888938453581,246.66967737223095,851.105241156292,53.21817478421285,138.57931528480984,90.96762375407151,0.16895095080398329,0.05497525107117731,0.08910592014521501,6,350701_C0000082_SEG_UNCOMP,0.6766,0.85802,1.46538
