BVTV,DA,E1,E2,E3,Mu12,Mu23,Mu31,Nu12,Nu13,Nu23,ROI Number,Scan,m1,m2,m3
0.239,2.332,308.55232397216486,525.283931382432,1605.3242196258025,144.88115530762298,337.0821624958404,182.1031654574171,0.21078211039604522,0.05216866422320493,0.10129058523391249,1,350908_C0000201_SEG_UNCOMP,0.63204,0.89373,1.47423
0.2898,1.994,616.5700503432098,592.8161622830356,2045.4810785328266,244.60038594011607,377.66559167426544,374.82887424708036,0.32979253653072976,0.08915504126838165,0.08764021101834658,2,350908_C0000201_SEG_UNCOMP,0.74734,0.76263,1.49003
0.2536,2.186,396.35755521007997,666.0231889559836,1753.7276370705688,193.03867466110333,388.28948271364675,214.90809157328368,0.2180061040295056,0.0574917570656236,0.11120122394916009,3,350908_C0000201_SEG_UNCOMP,0.65163,0.92396,1.42441
0.2605,2.202,390.66662875450254,723.8306141866352,1787.0216092782598,183.41151478423856,361.3245621511196,254.89133409561063,0.182142086270798,0.07601654022784105,0.10413971988026346,4,350908_C0000201_SEG_UNCOMP,0.66688,0.86469,1.46842
0.1383,1.934,113.4959878144518,204.17757552096083,621.2584764547507,64.3067341803753,132.19435121219863,80.56852276352703,0.21507731823902185,0.055260946595808845,0.11707166992019165,5,350908_C0000201_SEG_UNCOMP,0.71097,0.91403,1.375
0.2454,2.287,285.63315314796284,852.5878112123086,1592.180246176573,169.48984988667624,438.9391186639068,193.1223080686264,0.1443869561975235,0.057897347767754376,0.1444831932734249,6,350908_C0000201_SEG_UNCOMP,0.61002,0.99455,1.39542
