BVTV,DA,E1,E2,E3,Mu12,Mu23,Mu31,Nu12,Nu13,Nu23,ROI Number,Scan,m1,m2,m3
0.1665,2.135,256.407135779421,319.0027985395341,1070.5622025976527,100.43400909205765,196.08899940499336,152.30166893916748,0.23418871038058586,0.06859885158880442,0.08326611913128983,1,350915_C0000250_SEG_UNCOMP,0.69534,0.8204,1.48426
0.0967,1.657,82.31734686791634,102.59297344036443,348.02693874482304,38.87110688569633,69.09508238812165,53.03849985135894,0.2699751487347338,0.06048984228018928,0.09676926990297849,2,350915_C0000250_SEG_UNCOMP,0.79916,0.87636,1.32448
0.0963,1.742,65.09947802813467,266.3555724510112,290.3590982128463,42.89647748323545,94.98623252801526,34.3036827346167,0.11947595130638833,0.06129000339184157,0.16258551944101587,3,350915_C0000250_SEG_UNCOMP,0.6808,1.13313,1.18607
0.1146,2.195,74.59170403219402,133.8245241617111,553.1188344277085,43.20880901239116,102.77166527400888,62.75795867448753,0.229309887802656,0.04751654937292037,0.07889037284089108,4,350915_C0000250_SEG_UNCOMP,0.65762,0.89901,1.44337
0.0833,1.682,92.89901479304822,133.65211367316564,361.78402402618525,51.08649727743902,63.428982068978996,48.979136553192106,0.26057660574978675,0.06915358187838289,0.07305155601866818,5,350915_C0000250_SEG_UNCOMP,0.77527,0.92093,1.3038
0.1116,2.207,108.78318042629756,130.9075148243826,560.0647870570427,51.31508585584242,96.06264181841803,64.2388814018336,0.28373944379573984,0.054549410687698405,0.07149313452149915,6,350915_C0000250_SEG_UNCOMP,0.6612,0.87974,1.45906
