BVTV,DA,E1,E2,E3,Mu12,Mu23,Mu31,Nu12,Nu13,Nu23,ROI Number,Scan,m1,m2,m3
0.0879,2.391,38.089496991691924,55.4547844335492,481.52594127400874,19.83752932964334,34.68000788830438,25.743110892368783,0.22228012478785605,0.026034116307697527,0.031060169863401765,1,351301_C0000034_SEG_UNCOMP,0.64912,0.79908,1.55179
0.0853,2.459,46.577713064678136,97.20338381403495,548.2515561120892,32.7985366220249,60.80654663759307,38.2543847221816,0.20398085631085863,0.029862370707109186,0.05132227095741201,2,351301_C0000034_SEG_UNCOMP,0.64084,0.7836,1.57556
0.0664,1.822,47.68950864444712,93.25066345692757,208.910084048987,22.63247011104282,87.51443657312905,31.537086321899398,0.07716133144792915,0.06575746177461309,0.26801497542361663,3,351301_C0000034_SEG_UNCOMP,0.70317,1.01568,1.28116
0.1248,2.188,69.81040816152338,312.44864524452254,490.8711785961783,44.51190955704637,216.1931812362012,54.804719609820886,0.06117309226394377,0.049645007832537315,0.2638503003847191,4,351301_C0000034_SEG_UNCOMP,0.60378,1.07517,1.32105
0.0443,2.4,14.864390413600571,61.762919217211056,164.07704092650403,9.981567606355467,41.3147014184359,10.133743458027311,0.08055030716456271,0.03156869806140367,0.1477574145617356,5,351301_C0000034_SEG_UNCOMP,0.59955,0.96148,1.43897
0.0517,2.177,22.41670968837817,63.22914831251175,199.4930356268698,10.620928349176578,33.97025351469974,13.516963294193681,0.10059972749038877,0.02797008965228151,0.09049834168385856,6,351301_C0000034_SEG_UNCOMP,0.66231,0.89567,1.44202
