BVTV,DA,E1,E2,E3,Mu12,Mu23,Mu31,Nu12,Nu13,Nu23,ROI Number,Scan,m1,m2,m3
0.2218,1.841,191.95850893220577,386.52221865267285,809.0671715727826,99.6674345341272,222.1944225517557,128.49973321782522,0.1687915403008866,0.07222524493349186,0.13444308295404697,1,C0001523_SEG_UNCOMP,0.70989,0.98286,1.30725
0.3247,1.657,657.2005196744916,759.335925606584,1708.4525202422108,269.85926843941445,422.1181926328329,350.23321066099084,0.24998864693571812,0.09588063145040221,0.12788182711148444,2,C0001523_SEG_UNCOMP,0.8035,0.8651,1.3314
0.2586,1.661,306.606084884143,485.14368499863406,1072.2433437578309,171.85176951292846,261.96652443779647,194.9760677174929,0.23077003876005142,0.08798333390926254,0.11035412949843894,3,C0001523_SEG_UNCOMP,0.77041,0.95026,1.27934
0.2269,1.857,164.6629334021443,348.8340510174139,876.8597488768517,85.92691223691453,167.37058290295627,108.80480043412621,0.14952335205611514,0.06330090299996126,0.08163481742944498,4,C0001523_SEG_UNCOMP,0.72225,0.93622,1.34152
0.1679,1.787,80.21049048549183,186.44545519101612,463.64255004965383,45.28618015809633,97.51370772941502,56.11179567232733,0.13315246901646918,0.05053706476292485,0.08741988298472157,5,C0001523_SEG_UNCOMP,0.74037,0.9365,1.32313
0.2849,1.693,341.3893030001452,457.63782558002976,1223.1991890837771,161.8585108665333,268.643150007941,206.87186602114355,0.21373519961795442,0.07617168217924428,0.09224365940049577,6,C0001523_SEG_UNCOMP,0.77298,0.91852,1.3085
