BVTV,DA,E1,E2,E3,Mu12,Mu23,Mu31,Nu12,Nu13,Nu23,ROI Number,Scan,m1,m2,m3
0.301,2.333,622.3422763385515,851.1920373009357,2196.9587518050944,258.2282547331749,503.7096436372116,357.6001175633063,0.2492517579488511,0.07832286144267049,0.11321812632450777,1,C0001982_SEG_UNCOMP,0.65513,0.81632,1.52855
0.2128,2.148,283.80199224585533,448.4273402216749,1305.3689871311399,137.462215483427,261.03873656373526,156.0837497154718,0.25917600496643184,0.05608134380517976,0.09623766813810784,2,C0001982_SEG_UNCOMP,0.6631,0.91284,1.42406
0.3485,2.076,786.4812102534524,1115.1320831275991,2462.0252497336337,350.97874363981447,574.8793249544641,464.59437397953116,0.2517724670243156,0.09486719372276471,0.11796854130229525,3,C0001982_SEG_UNCOMP,0.70077,0.84461,1.45463
0.1923,1.768,264.74061541134114,380.1169169905601,913.9271622455814,110.55626478583284,215.12672825603676,155.30497505336524,0.23781614551136623,0.09574869361797941,0.1223165909515436,4,C0001982_SEG_UNCOMP,0.76625,0.87902,1.35473
0.1761,1.947,208.29408384041886,292.20089640959867,880.249493266648,101.44088278790173,206.5185747430146,128.8824331559267,0.2779696532628322,0.06452346617603273,0.10758276987537382,5,C0001982_SEG_UNCOMP,0.72153,0.87347,1.405
0.2152,1.827,316.8211532658947,583.6896498254773,1151.2163349443122,147.7351842682605,299.3654792555732,197.34983218167548,0.20139451138923622,0.0929791342191004,0.13402856690470327,6,C0001982_SEG_UNCOMP,0.74244,0.90132,1.35624
