BVTV,DA,E1,E2,E3,Mu12,Mu23,Mu31,Nu12,Nu13,Nu23,ROI Number,Scan,m1,m2,m3
0.1756,2.012,144.4913048994112,230.3220629578051,698.3815751821144,73.05204824163378,143.28640438016308,83.6979034057609,0.22290169487540953,0.050868773372330145,0.08820555170332994,1,C0001560_SEG_UNCOMP,0.67629,0.96296,1.36074
0.1627,2.058,110.37148837053964,222.71502477108336,624.6969781902127,58.954681724668774,151.57608916897482,73.45572216279905,0.1736012298663214,0.05252070250841819,0.10933494304549139,2,C0001560_SEG_UNCOMP,0.67992,0.92087,1.39921
0.1428,2.063,83.30721132251034,216.65047499928977,631.3018577616098,59.45960080075466,133.0786155366326,67.79804110467339,0.21181342365236033,0.049307112744669285,0.08138364129190856,3,C0001560_SEG_UNCOMP,0.66994,0.94817,1.38189
0.2151,1.851,199.55132419878743,407.8652632095399,960.8804459827298,103.91728402307737,221.3434278219747,129.37781833163598,0.18390851254001256,0.061530364894321676,0.11205045011327956,4,C0001560_SEG_UNCOMP,0.72576,0.9306,1.34364
0.3109,2.051,417.2877986510663,1270.5554068478546,1744.5792865090432,244.2734102278459,525.3277230573692,252.19538945378798,0.13402283043946886,0.0643754050946487,0.16388748043709403,5,C0001560_SEG_UNCOMP,0.64671,1.02685,1.32644
0.2694,2.062,321.761821954581,941.2312137521476,1446.9152903666527,181.9702019575017,387.81863047032414,206.9330323850357,0.12640888870886222,0.06372466360921411,0.13974348573495934,6,C0001560_SEG_UNCOMP,0.66174,0.9735,1.36477
