BVTV,DA,E1,E2,E3,Mu12,Mu23,Mu31,Nu12,Nu13,Nu23,ROI Number,Scan,m1,m2,m3
0.4358,1.693,1565.7054970070337,1766.3584779073672,3006.724917213083,632.6062427862324,788.8143830241122,779.2561028996386,0.2626337233854873,0.13773534324890227,0.14197396929302014,1,C0002077_SEG_UNCOMP,0.80629,0.82848,1.36523
0.5454,1.645,2613.4486985950143,2500.145712447012,4185.130350768175,972.0404604715283,1251.956707977411,1196.0916556511686,0.2802568748763467,0.16400897476600937,0.16345340964555913,2,C0002077_SEG_UNCOMP,0.81518,0.84351,1.34131
0.4744,1.825,1471.6333484579038,1934.0133419021643,3388.017268285076,709.2252526866646,986.2572383542877,816.1947986683008,0.25567164188511465,0.12423962844926578,0.15317770969338615,3,C0002077_SEG_UNCOMP,0.74572,0.89339,1.3609
0.4018,2.241,892.528889609465,1650.5613004550876,2946.4207387835054,428.9741201338564,900.5331693723155,567.2194438660532,0.21268698072190773,0.0906339073726281,0.1575198104036263,4,C0002077_SEG_UNCOMP,0.64914,0.8961,1.45476
0.3876,2.344,771.6764245265455,1519.1105432969505,2968.185876677168,446.80950561962413,865.0776057241414,544.5291074717859,0.23169722445748062,0.08052449703892266,0.13918272477379523,5,C0002077_SEG_UNCOMP,0.62788,0.90023,1.47188
0.4623,2.065,1237.498445036605,2289.3218170927953,3562.908428449777,609.7906633463867,1075.5893227696258,757.202583940167,0.19900643808239066,0.11220592143042034,0.16413105378599457,6,C0002077_SEG_UNCOMP,0.67466,0.93239,1.39295
