BVTV,DA,E1,E2,E3,Mu12,Mu23,Mu31,Nu12,Nu13,Nu23,ROI Number,Scan,m1,m2,m3
0.3468,2.033,640.81688862426,773.4956201050592,2320.4823475512244,279.74131513875835,506.138256239346,424.1777526862942,0.2562390324482595,0.08266249995868645,0.09951856750820177,1,C0001702_SEG_UNCOMP,0.71759,0.82347,1.45893
0.3558,1.883,715.6713559846579,802.5076992205231,2405.8687055320756,319.81126178736025,513.5251524622781,468.7016942626173,0.2904008599690167,0.08542980164041104,0.09963513434940655,2,C0001702_SEG_UNCOMP,0.76127,0.8054,1.43333
0.2205,1.724,236.4543562708241,373.0067157397264,717.5206048663734,106.58757989517964,192.09173722100056,147.51660283159922,0.16499536556948255,0.10716040125345022,0.12388009636528112,3,C0001702_SEG_UNCOMP,0.74893,0.96013,1.29095
0.3442,1.872,790.4853391107628,993.9705801627381,2240.2251580334214,340.4574588680866,555.9921766065868,474.00010284294916,0.27414074746384964,0.10544225613385715,0.11703971631297412,4,C0001702_SEG_UNCOMP,0.74971,0.84668,1.40361
0.3168,2.159,527.2962225675724,911.5040764326375,2175.2484526009866,247.56553518563067,518.392276620274,369.6356154744968,0.20862405847386517,0.0815982501674421,0.10865643677584855,5,C0001702_SEG_UNCOMP,0.67796,0.85819,1.46385
0.191,2.1,181.58175960252376,387.54912523663546,911.9232597171336,80.52933699550171,205.7357204473873,111.76655729659477,0.16184872342702045,0.05837101035984761,0.10586672741925421,6,C0001702_SEG_UNCOMP,0.66911,0.92568,1.40521
