BVTV,DA,E1,E2,E3,Mu12,Mu23,Mu31,Nu12,Nu13,Nu23,ROI Number,Scan,m1,m2,m3
0.1117,1.737,56.74779066935804,88.39492013358831,246.05051937003753,39.139208969009935,60.916927858343975,39.34206555264843,0.3047640983251489,0.052167133594083065,0.0811797390285658,1,C0002177_SEG_UNCOMP,0.74761,0.95416,1.29823
0.2691,1.741,292.8284435138664,474.9074551109674,1256.911707033326,174.8140905996638,251.5611844593889,194.33039967992357,0.2312316433422393,0.06591702701316085,0.0840623538255667,2,C0002177_SEG_UNCOMP,0.75725,0.92454,1.3182
0.1459,1.612,133.16536997898604,179.10837437796843,393.3613550740637,52.985162918498226,97.52429150560033,62.509612441396555,0.14763343861611378,0.07249809831657769,0.0981343673676484,3,C0002177_SEG_UNCOMP,0.76536,1.00087,1.23377
0.2087,1.841,221.55341530921007,334.8197518769538,842.7833237524881,120.27443664882495,176.45773773413364,136.7011436697835,0.24314042546798262,0.06560396558118171,0.08432946122100987,4,C0002177_SEG_UNCOMP,0.73817,0.90288,1.35895
0.1309,1.82,79.31579644403644,102.55526366456064,309.22858722087597,33.14168560652372,53.46384484166546,40.45314390514711,0.22284208643087125,0.05836893312631694,0.07329083695443622,5,C0002177_SEG_UNCOMP,0.73604,0.92447,1.33949
0.156,1.713,148.27836956773535,142.5557640858598,562.4442279270452,55.156577890823556,86.70098638089607,69.62500442744403,0.2545027739598197,0.04802235347434239,0.06610669099037902,6,C0002177_SEG_UNCOMP,0.79309,0.84873,1.35817
