BVTV,DA,E1,E2,E3,Mu12,Mu23,Mu31,Nu12,Nu13,Nu23,ROI Number,Scan,m1,m2,m3
0.2152,1.915,187.90726936516094,525.3742078663431,884.377528578094,117.39311310438332,285.6075776315598,127.74000019107447,0.13523754106555316,0.07305573874431669,0.1599224416873616,1,C0001406_SEG_UNCOMP,0.6583,1.08107,1.26062
0.1363,1.678,119.33868534934938,226.90446039935566,402.74721004388215,57.354209362724816,122.92065204181438,59.68212019168706,0.14908943458865978,0.062346583205221406,0.156779231256133,2,C0001406_SEG_UNCOMP,0.73725,1.02583,1.23692
0.1801,1.531,211.22153556432463,248.3906508321784,697.7766493285469,96.21618348227923,138.1974612187854,139.78443427108633,0.27371463882980135,0.10139312392371455,0.08262667078656753,3,C0001406_SEG_UNCOMP,0.83216,0.8938,1.27404
0.1989,1.644,228.46109585359252,455.44385421857817,837.330147849789,127.13433489018735,206.22327797776938,124.82654561167341,0.1769347173730994,0.07162783414497631,0.11510430174780964,4,C0001406_SEG_UNCOMP,0.75473,1.00443,1.24084
0.1927,1.705,239.24758005465694,401.3800524854746,866.0231230540719,98.47006410209175,186.23471476042724,121.77698798862129,0.1631364298321485,0.07406141796025607,0.09824176751520126,5,C0001406_SEG_UNCOMP,0.75295,0.9636,1.28346
0.1446,1.747,144.36392297755413,255.6029091465977,549.4311246751478,71.57728950596159,140.6107693920857,67.31801375595371,0.17663566091385943,0.0448528108421331,0.12753069829704253,6,C0001406_SEG_UNCOMP,0.72166,1.01785,1.2605
