BVTV,DA,E1,E2,E3,Mu12,Mu23,Mu31,Nu12,Nu13,Nu23,ROI Number,Scan,m1,m2,m3
0.1568,1.613,118.61355890090147,187.1290752994853,400.29496466142575,53.24994333181438,88.06782538742198,57.487695647461614,0.14261447204352526,0.06100800022510309,0.09510760285118275,1,C0001600_SEG_UNCOMP,0.76594,0.99822,1.23583
0.1711,1.841,99.9719276006864,277.1626928134609,461.67285373961386,52.560108714898035,142.38321076822223,60.905382533075944,0.09476657795768795,0.0606937497208632,0.1530101978323904,2,C0001600_SEG_UNCOMP,0.68451,1.05557,1.25993
0.2848,1.779,438.59744453094015,670.9162646219214,1261.187822803173,209.91589418921845,318.31254001547893,192.21344799111282,0.18513153695040735,0.06953932653387877,0.12534344811357967,3,C0001600_SEG_UNCOMP,0.73185,0.96601,1.30214
0.2366,2.053,338.08557464685987,571.6055442021367,1338.48687075573,136.895700934087,325.3166816262161,156.59758695678937,0.1914098478350289,0.05524417296534078,0.12210487282118415,4,C0001600_SEG_UNCOMP,0.66802,0.96039,1.37159
0.2078,2.068,195.1104487212995,468.54312059783706,1042.2756550391418,100.39474375801629,250.75585570553037,137.39714637106917,0.16236259177322349,0.06760821800777943,0.11373739487734312,5,C0001600_SEG_UNCOMP,0.66415,0.96225,1.3736
0.1254,1.826,89.3669043503813,98.69753948465048,445.6054470154843,41.433736157551095,69.2288082775527,72.88615880920283,0.26808752164769845,0.07153032294412644,0.0677400410037273,6,C0001600_SEG_UNCOMP,0.76413,0.8402,1.39567
