BVTV,DA,E1,E2,E3,Mu12,Mu23,Mu31,Nu12,Nu13,Nu23,ROI Number,Scan,m1,m2,m3
0.4359,1.717,1411.4515922639139,1531.7912521356698,3068.066974286345,598.3176683564652,785.7750567804287,711.801355922783,0.2620154239497065,0.11825853212748423,0.13345946971722225,1,C0002129_SEG_UNCOMP,0.78955,0.85507,1.35537
0.5095,1.642,2106.9452542524796,2391.9491038283427,3707.5426017968866,911.559686960587,1061.5972078449763,948.6496561728977,0.2623609538710969,0.1399434148034429,0.16123652703159252,2,C0002129_SEG_UNCOMP,0.80533,0.87219,1.32247
0.5002,1.614,2334.341171358189,2202.7612846018746,3473.1063085096002,879.3778320082994,1065.8039355664512,929.3108772962732,0.2746736127791144,0.1507284557760548,0.17514208068390205,3,C0002129_SEG_UNCOMP,0.80409,0.89818,1.29774
0.32,2.274,509.48051492275874,949.8986115470934,2172.9636014913963,255.60198044844427,542.4825490355765,344.8189586157039,0.21884258722035924,0.07171536429007919,0.11871268366408014,4,C0002129_SEG_UNCOMP,0.6448,0.88916,1.46603
0.2452,1.899,300.19033846422303,521.3392366376377,1206.6597343778944,126.40224669368381,297.7316209437839,171.8310676309364,0.19137884697308158,0.061353985217139966,0.1151665411042772,5,C0002129_SEG_UNCOMP,0.71173,0.9369,1.35137
0.3611,2.027,771.4807444676372,1109.9851362433417,2454.6304132047944,355.700952082697,637.0436623021109,445.64384408477736,0.25737619395423866,0.08549135097397814,0.12754461993731642,6,C0002129_SEG_UNCOMP,0.70673,0.86095,1.43232
