Slope,Interception,RValue,PValue,Standard Error,RSquare,RSquareAdj,Relative Norm Error,Rel Norm Error Std
0.833386834510893,0.9564105364193445,0.9579786644873065,0.0,0.005242032977970736,0.8932697115016862,0.8931290301020838,0.05097965941556876,0.09764873555911165
