BVTV,DA,E1,E2,E3,Mu12,Mu23,Mu31,Nu12,Nu13,Nu23,ROI Number,Scan,m1,m2,m3
0.1288,2.011,72.97716087942042,114.49943842402408,820.8586349647613,34.46778254966282,77.16829535272764,69.80351580547233,0.14518762971772828,0.03246778651596007,0.035101923165922144,1,350903_C0000061_SEG_UNCOMP,0.73371,0.79102,1.47527
0.0338,2.139,1.4549346072071296,1.1270218327731303,14.749956245199265,0.4205537291639251,0.8861033458734395,1.096413504701038,0.12724797966977347,0.0360065895918383,0.04040045137021791,2,350903_C0000061_SEG_UNCOMP,0.70997,0.77145,1.51858
0.1375,2.078,81.24101582623751,76.79506070346177,870.6011430069298,37.68745224668257,62.965402616051016,68.8004484883921,0.261040691211822,0.04908312857850965,0.031025666994106364,3,350903_C0000061_SEG_UNCOMP,0.72049,0.78247,1.49704
0.0484,2.217,2.208741708684313,4.546306957638378,59.111354103289926,1.0646318125598118,4.830104492813015,2.8522631212395027,0.05735989399799038,0.0063385717450603965,0.06413716109887234,4,350903_C0000061_SEG_UNCOMP,0.64753,0.91693,1.43554
0.1075,2.332,75.59611202553977,142.67453040176767,768.6358126573748,40.979545558653086,113.97193435712316,71.17429074805494,0.15102153685625283,0.039623628474105596,0.0698533934349006,5,350903_C0000061_SEG_UNCOMP,0.66781,0.77518,1.55701
0.1701,1.997,179.44601839990517,227.91208957434947,1224.708979594226,66.73984268770018,170.00691919962338,130.08957412886136,0.16609987063036846,0.04682215904102831,0.0670324079520903,6,350903_C0000061_SEG_UNCOMP,0.73518,0.79658,1.46824
