BVTV,DA,E1,E2,E3,Mu12,Mu23,Mu31,Nu12,Nu13,Nu23,ROI Number,Scan,m1,m2,m3
0.2584,2.014,344.73867599226014,495.74613622146444,1725.7257043931645,177.99839991163998,286.2876907477842,212.86156844948923,0.2442022904887765,0.05958523506856644,0.07489643977108795,1,351304_C0000089_SEG_UNCOMP,0.71725,0.83819,1.44456
0.3018,1.99,544.0751004404768,651.2078973792286,2079.4516684670416,254.80527991046773,401.5444592777168,334.8397402990697,0.29236751792207816,0.07137745737135703,0.08683609695216953,2,351304_C0000089_SEG_UNCOMP,0.73026,0.81658,1.45316
0.2756,1.976,397.2369938164768,816.0962396750721,1740.9124328282815,208.09041700216883,391.3704570501663,240.35395311146186,0.1935435194657649,0.06572572918817988,0.11206353243334453,3,351304_C0000089_SEG_UNCOMP,0.69762,0.92366,1.37873
0.271,2.154,325.812036296299,663.2680717966847,1697.3245345538464,158.90435467523855,320.59749729288416,215.5500775744602,0.18007274810247886,0.06016225065746962,0.09649188309333788,4,351304_C0000089_SEG_UNCOMP,0.6759,0.86806,1.45604
0.1388,1.903,97.89838029281427,314.39113554708143,535.8478620174453,55.87171226745497,155.1009144566174,66.07708462504388,0.12448512728209775,0.0567204641428331,0.13349228894723364,5,351304_C0000089_SEG_UNCOMP,0.66212,1.07816,1.25972
0.1997,1.958,210.1164636111562,641.8776108768263,1110.9485926441803,109.95880655973717,286.5436677286611,140.67185922498024,0.09373826551837941,0.06809661032044774,0.14354298742793425,6,351304_C0000089_SEG_UNCOMP,0.67892,0.99181,1.32928
