Slope,Interception,RValue,PValue,Standard Error,RSquare,RSquareAdj,Relative Norm Error,Rel Norm Error Std
0.8205359605857103,0.9978242809806916,0.9659204872862527,0.0,0.002439801035952868,0.9159060640478657,0.9158750407070078,0.05032289387790868,0.051022882189666344
