Slope,Interception,RValue,PValue,Standard Error,RSquare,RSquareAdj,Relative Norm Error,Rel Norm Error Std
0.7581706964034324,1.3114792134566926,0.9536199804496418,0.0,0.0025749604377315123,0.8842450011725562,0.8842047898482762,0.06836658892791755,0.16120327945550572
