Slope,Interception,RValue,PValue,Standard Error,RSquare,RSquareAdj,Relative Norm Error,Rel Norm Error Std
0.9305909631881859,0.3765013394467749,0.9646730541373295,0.0,0.00273445180990949,0.9305940995322834,0.9305539061685657,0.05377587117174772,0.10430735273393162
