BVTV,DA,E1,E2,E3,Mu12,Mu23,Mu31,Nu12,Nu13,Nu23,ROI Number,Scan,m1,m2,m3
0.2037,2.315,233.61395702157427,383.99354275990083,1257.163872769486,107.16425926492883,237.0689173572182,165.8541008093783,0.22117188599978943,0.06433341214318967,0.0842226913597637,1,C0002198_SEG_UNCOMP,0.65458,0.83021,1.51522
0.1008,1.833,92.74040236248615,161.86986065881607,487.8435725517831,53.21383996216646,99.79643764613846,59.561443350839234,0.22239772866934054,0.060300667680513835,0.08298877246337528,2,C0002198_SEG_UNCOMP,0.72379,0.9492,1.32701
0.2092,2.096,282.00256945688824,547.6717857569237,1296.0682768685417,148.20418402378272,301.60479900791114,166.16568555191805,0.22269243704049205,0.06138869856678575,0.1126692845878296,3,C0002198_SEG_UNCOMP,0.67821,0.90013,1.42166
0.1384,2.15,94.54030988899574,327.89456669901165,585.1617055453653,62.36595379134094,185.06774744214272,74.71933348001033,0.13222595353508598,0.07252086710357525,0.13994458547014266,4,C0002198_SEG_UNCOMP,0.60815,1.08425,1.3076
0.157,1.957,204.65072481165123,369.5355044297771,906.6373584825214,99.69383909737333,196.35105929293718,108.75529336604116,0.19881684616402776,0.05534400669898124,0.10856804427077914,5,C0002198_SEG_UNCOMP,0.70049,0.92841,1.3711
0.175,2.3,169.44074598791246,404.6824827776904,979.1361307641317,79.41614112760297,241.01073340996695,114.2667417828246,0.15608752685396896,0.05553719726872175,0.1183678002945618,6,C0002198_SEG_UNCOMP,0.6329,0.91172,1.45538
