BVTV,DA,E1,E2,E3,Mu12,Mu23,Mu31,Nu12,Nu13,Nu23,ROI Number,Scan,m1,m2,m3
0.2789,2.08,385.78517308346926,1008.1140396992785,1770.5305812142674,219.281486892917,537.1548775883031,244.21653696732605,0.15531792958863197,0.0630357621321885,0.14442927431658611,1,C0002046_SEG_UNCOMP,0.63597,1.04119,1.32284
0.3581,1.801,770.7345594805297,1395.9446135059097,2386.6839673934137,357.7424847912238,672.471615818129,393.58236962277743,0.17985104579768743,0.08419866045998162,0.14422688351434199,2,C0002046_SEG_UNCOMP,0.7176,0.99025,1.29215
0.1735,1.55,164.7700159738635,261.2570899502765,579.3793171886806,77.70811329137608,155.49437118531867,94.91618152057723,0.17943119706276314,0.07131549934417082,0.1321094092183434,3,C0002046_SEG_UNCOMP,0.80748,0.94096,1.25156
0.1927,1.784,172.5709223186464,442.69784792445495,736.0835139548204,118.70145991733399,230.63802055784743,102.98873715786388,0.18435034251952445,0.06755467897761101,0.14719126222465137,4,C0002046_SEG_UNCOMP,0.69553,1.06378,1.24069
0.2103,1.845,197.54735879682426,531.0709739582234,841.9526646230169,113.14909488304217,271.30658320222005,117.3192828643103,0.15042442152700047,0.06822463025130429,0.1532593816532838,5,C0002046_SEG_UNCOMP,0.6886,1.04115,1.27026
0.1549,1.623,116.58095985477202,198.64998680184718,475.9624939661874,57.191797494560824,118.27847165646531,72.45539389038862,0.17951082571112403,0.06600828419397158,0.1178768432737563,6,C0002046_SEG_UNCOMP,0.78875,0.93114,1.2801
