BVTV,DA,E1,E2,E3,Mu12,Mu23,Mu31,Nu12,Nu13,Nu23,ROI Number,Scan,m1,m2,m3
0.2905,2.064,463.05952839181305,967.5797821921412,1747.7394947298162,209.72216668531448,484.48370330341623,279.11681408653453,0.1703658051151919,0.08878884877224141,0.1382961637359026,1,C0001867_SEG_UNCOMP,0.67673,0.92666,1.39661
0.2571,1.88,431.67785519207877,613.6672194548113,1573.3934061643117,188.71329891315276,308.5085041486401,249.17177700631396,0.22306479588895664,0.07913485723541731,0.09244016007675682,2,C0001867_SEG_UNCOMP,0.74293,0.86014,1.39694
0.2884,1.915,501.96101583874446,822.0105099391149,1761.830776068891,242.813713996057,381.9039751286477,279.81646954292216,0.2090952923153701,0.08073288847661672,0.10579484018466837,3,C0001867_SEG_UNCOMP,0.72601,0.88391,1.39008
0.2761,2.132,375.9805500147337,975.3707309438669,1634.6381931321362,185.68126907214688,475.24833367888306,233.02720082806064,0.14446972028994767,0.08308761007380945,0.14674467192644866,4,C0001867_SEG_UNCOMP,0.64581,0.97718,1.37701
0.2796,2.113,396.47010362239337,699.0413998173025,1762.1677619304512,222.60361143639128,401.5501191248187,253.7173178654517,0.23857278827213,0.06661176338979256,0.10683769599692915,5,C0001867_SEG_UNCOMP,0.6728,0.90548,1.42171
0.2376,1.859,360.80557941126364,572.9192338249093,1289.945680397405,159.93840222734897,235.74149438152685,180.95782440230087,0.21178224870262752,0.07788893772903119,0.08983509310616493,6,C0001867_SEG_UNCOMP,0.74021,0.88405,1.37574
