BVTV,DA,E1,E2,E3,Mu12,Mu23,Mu31,Nu12,Nu13,Nu23,ROI Number,Scan,m1,m2,m3
0.1717,1.974,90.80430998443958,184.31726843492348,525.4167391499253,46.14132857258171,118.42784546179807,62.1599840343541,0.14002867540912803,0.05105523029332124,0.10234795829263091,1,C0001566_SEG_UNCOMP,0.69415,0.93526,1.37059
0.1549,1.978,116.73408449034025,252.50534519500326,687.891550345098,60.936446876792736,120.55854612897451,84.90751769291015,0.16369637912901389,0.05675917028762341,0.07791496005764759,2,C0001566_SEG_UNCOMP,0.71897,0.85875,1.42228
0.0659,1.702,31.909487025949712,28.930459120011438,135.92487514383447,11.990535369865551,16.358142307399454,19.212992823830877,0.23035416170349077,0.06779422563519272,0.048108256521575805,3,C0001566_SEG_UNCOMP,0.7936,0.856,1.3504
0.2544,2.452,307.47270181959857,815.147687125546,1706.3930883006988,161.3111856042976,460.67885739214984,223.36585816621007,0.14512843561296096,0.05932321678809573,0.12418219852059273,4,C0001566_SEG_UNCOMP,0.60052,0.92683,1.47265
0.2036,2.068,128.48935499693158,396.7277462251107,823.9938864815474,84.71062708302881,233.61523820797703,105.58398138720408,0.13070659211981195,0.06364938748342262,0.1306059436906354,5,C0001566_SEG_UNCOMP,0.64184,1.03071,1.32745
0.0868,2.058,36.07015200849552,95.72013559730507,226.31335650905882,18.139086716290162,49.645540045652744,26.432241813984387,0.11141575163141151,0.049246085226840514,0.09226364190965401,6,C0001566_SEG_UNCOMP,0.67048,0.94991,1.37961
