BVTV,DA,E1,E2,E3,Mu12,Mu23,Mu31,Nu12,Nu13,Nu23,ROI Number,Scan,m1,m2,m3
0.0324,2.031,0.675089718621112,0.6859281319577774,0.997736429022516,0.24914230640829294,0.5148852496267968,0.2585216175309735,0.1182168311682556,0.07827628907754004,0.2657906714615543,1,350208_C0000141_SEG_UNCOMP,0.65376,1.01824,1.328
0.0342,2.123,0.7297313574572729,0.5695655282416378,0.6681310674978685,0.19942513392120476,0.2115290603590415,0.19968102641453622,0.0836206816439079,0.12549680991007497,0.11472454548223432,2,350208_C0000141_SEG_UNCOMP,0.65493,0.95446,1.39061
0.026,2.048,5.683484820344745,11.556209938896776,19.87515611085933,2.133952357259689,4.249333310117308,2.0060966472780493,0.08536947063785653,0.036755078502261236,0.144259973745237,3,350208_C0000141_SEG_UNCOMP,0.64802,1.0246,1.32738
0.011,2.123,0.1029267611419206,0.09526401786875628,0.000790351963817146,0.06572425273364005,0.022362173995760667,0.008434381640578352,-0.21603440534889773,4.013604973403363,8.803492226824671,4,350208_C0000141_SEG_UNCOMP,0.63718,1.01034,1.35248
0.025,2.283,0.2928815216576958,0.5903949683165859,3.981177235236861,0.09468788794978794,0.5236316632441838,0.19044015665853667,0.05872206502861853,0.02126373040715886,0.05020051285312763,5,350208_C0000141_SEG_UNCOMP,0.60934,0.99958,1.39109
0.0125,2.389,5.82797914994254,4.997208676274781,18.61283364888389,1.5931326078064447,2.0553698077328106,2.9877221833829752,0.1329088765030542,0.08363821879264706,0.03802792034196032,6,350208_C0000141_SEG_UNCOMP,0.59716,0.97637,1.42647
