BVTV,DA,E1,E2,E3,Mu12,Mu23,Mu31,Nu12,Nu13,Nu23,ROI Number,Scan,m1,m2,m3
0.1496,2.11,181.41090674423722,352.74154431438313,817.0765240297575,75.0605038472974,166.49185331677145,96.33856231320978,0.16431224888861873,0.054913304516320864,0.10252325589518382,1,350912_C0000226_SEG_UNCOMP,0.68841,0.85906,1.45253
0.0904,2.555,48.87116072989435,114.84290718064109,505.08188023820344,27.42475506320466,88.48899257511376,46.12618933926682,0.1687596207189231,0.032798174493998605,0.06536011116434742,2,350912_C0000226_SEG_UNCOMP,0.61348,0.8192,1.56732
0.0772,2.215,62.14870333263895,54.899560959359796,329.7872712861984,18.748203098479788,43.34079502536571,35.22937021372023,0.2208854659013012,0.049460533060445115,0.06954234690699662,3,350912_C0000226_SEG_UNCOMP,0.67371,0.83382,1.49247
0.0803,2.696,72.01780940998634,141.3928331516344,488.1401214324372,34.92654504711832,107.17783161852546,39.01191368609749,0.1836818382361073,0.027250796872439597,0.10286939300852352,4,350912_C0000226_SEG_UNCOMP,0.54972,0.96805,1.48223
0.0451,1.324,90.87595454082835,90.116872254845,100.34552281780596,40.473673022627665,21.736676111531715,20.305947731067445,0.29412140796198183,0.10006852916109864,0.09854174315834262,5,350912_C0000226_SEG_UNCOMP,0.85893,1.00408,1.13699
0.0509,1.217,126.33769994306046,99.25196293849415,114.34158278195254,42.74831628821748,17.338752138978847,21.140733511148262,0.3602410738144053,0.1019373970314795,0.060409064038421244,6,350912_C0000226_SEG_UNCOMP,0.91135,0.97965,1.10899
