BVTV,DA,E1,E2,E3,Mu12,Mu23,Mu31,Nu12,Nu13,Nu23,ROI Number,Scan,m1,m2,m3
0.0381,1.646,0.8919777914173082,1.903090244633154,3.3163175594757996,0.6616600263667307,0.868130383148112,0.6934999610337726,0.20511004582983108,0.04027888463088923,0.0763312720857954,1,350913_C0000239_SEG_UNCOMP,0.78279,0.92847,1.28875
0.0288,1.765,13.27154711152808,30.596314847143482,30.522602857922124,7.443418054073324,15.186869145947327,7.029769803301862,0.10919950514165498,0.09560902060617328,0.2769230692542448,2,350913_C0000239_SEG_UNCOMP,0.69534,1.07721,1.22745
0.071,2.383,3.0068726174355525,8.325826844235566,38.807220792495485,1.7621390851323049,6.561394739568973,2.476281951437955,0.10614350141109714,0.004721854443210453,0.0687589532750129,3,350913_C0000239_SEG_UNCOMP,0.61258,0.92783,1.45959
0.089,2.378,46.386545813175736,135.45309324225684,388.74066776150113,27.583453906035864,73.32798200443916,32.716149553053036,0.14883495945798056,0.03907359172709889,0.08582711235262218,4,350913_C0000239_SEG_UNCOMP,0.61492,0.92254,1.46254
0.1198,2.31,77.62935262298319,142.41414398537273,510.5191706657602,38.01943135689172,86.59331489584126,57.424269775705405,0.17703739095292156,0.053445915574266124,0.07737822620791915,5,350913_C0000239_SEG_UNCOMP,0.66498,0.79883,1.53619
0.0455,2.192,4.627108032423431,9.599474137783659,45.2508536830356,4.4755545264565875,8.395764649646011,4.524778864057263,0.30248770209268566,0.016158941505439926,0.0956009318455069,6,350913_C0000239_SEG_UNCOMP,0.66462,0.87852,1.45686
