BVTV,DA,E1,E2,E3,Mu12,Mu23,Mu31,Nu12,Nu13,Nu23,ROI Number,Scan,m1,m2,m3
0.0821,2.193,35.04954556377805,58.84015141138164,476.40045984490837,14.887244454941944,37.08123812024085,33.51956927073194,0.11835553006294897,0.030574504907087116,0.03408698232034103,1,350903_C0000061_SEG_UNCOMP,0.70496,0.7494,1.54565
0.0192,2.253,0.5653287522620623,0.23908818480783128,6.5214110021638465,0.09690489182958872,0.24851014777610403,0.34999001686883924,0.11571672255866429,0.03578265904055179,0.019055971694295695,2,350903_C0000061_SEG_UNCOMP,0.69131,0.75107,1.55761
0.084,2.287,39.05539866474919,35.09130295417907,466.98014342665056,17.517771949680558,23.795244379307626,31.100121019768682,0.2749750371205711,0.04523007359857192,0.02430914172538897,3,350903_C0000061_SEG_UNCOMP,0.69042,0.73047,1.57911
0.0266,2.424,0.6506537973475458,1.081864159243997,16.515395661424826,0.38494819755335835,0.9758098999233411,0.6003507145596565,0.14960376448840823,0.002745122686122761,0.04710574955184589,4,350903_C0000061_SEG_UNCOMP,0.61541,0.89261,1.49197
0.0721,2.577,40.479369313056765,71.39442373296333,469.2848631955967,19.395445360774183,58.7619376063026,36.702299937085066,0.1511155168327547,0.034997837343670395,0.060989418330369874,5,350903_C0000061_SEG_UNCOMP,0.62497,0.76467,1.61036
0.116,2.185,94.87417032835336,105.53316203371845,773.9419012911148,32.362067000160934,87.13557461081949,69.03632797720597,0.17975481931728404,0.04015698743214007,0.05374122430974301,6,350903_C0000061_SEG_UNCOMP,0.70182,0.76466,1.53352
