BVTV,DA,E1,E2,E3,Mu12,Mu23,Mu31,Nu12,Nu13,Nu23,ROI Number,Scan,m1,m2,m3
0.1988,1.983,211.02092571464019,350.66418378140156,1005.4522329746004,115.87370298215167,176.50614744187942,125.54139112058427,0.24122470211149452,0.06222853015679408,0.06704676536325145,1,C0001657_SEG_UNCOMP,0.69927,0.9143,1.38643
0.179,2.009,212.81657828234603,427.0914851457888,836.6518107177473,115.16628705687172,182.81660300841403,98.27777663525062,0.19156923196593054,0.054620683640587045,0.10007383653220144,2,C0001657_SEG_UNCOMP,0.65274,1.03611,1.31114
0.131,2.002,85.72771523505412,218.07327456310009,486.1049306386523,48.16085240257812,94.14235256967689,58.21685813473328,0.16426829641224033,0.060178673102809686,0.07901932528030677,3,C0001657_SEG_UNCOMP,0.67475,0.97436,1.35089
0.1395,1.91,107.28433144153145,224.540311951174,478.9175159179513,61.758736144371035,103.65416927972949,55.59283048383714,0.23150255244083387,0.04852190395329684,0.09749886089241083,4,C0001657_SEG_UNCOMP,0.69332,0.98229,1.32438
0.139,2.011,82.9091240440171,317.67375891339543,502.5196991868726,66.02471091796527,190.14666816241456,67.86497003267475,0.12107844080392446,0.05672043022524994,0.185751402000268,5,C0001657_SEG_UNCOMP,0.63345,1.09245,1.2741
0.1343,1.984,80.21157579246699,233.88438140463595,444.58282035298873,48.9896733922998,142.909070067889,53.148539550787795,0.13684787371386792,0.05623125066958175,0.1635356720198019,6,C0001657_SEG_UNCOMP,0.66767,1.00742,1.32491
