BVTV,DA,E1,E2,E3,Mu12,Mu23,Mu31,Nu12,Nu13,Nu23,ROI Number,Scan,m1,m2,m3
0.1277,2.096,114.88547524661439,236.38594721726184,705.4538719485413,61.18708790048409,125.07705238289032,75.57572925721158,0.21916070112909727,0.05313134883016802,0.07363310196059109,1,C0001608_SEG_UNCOMP,0.6771,0.90389,1.41901
0.1715,2.29,122.21561936055546,482.81819624530965,823.3555713419123,88.49491753481867,284.3818436555905,94.64601380671272,0.11884162847831596,0.06139833438350952,0.16825558257027656,2,C0001608_SEG_UNCOMP,0.58978,1.05947,1.35075
0.2576,2.247,361.54411418232684,704.5205057716496,1881.445505660293,169.13813268207397,418.7981809282265,233.59624930162474,0.16268896430212407,0.05139271434160203,0.10558141937960422,3,C0001608_SEG_UNCOMP,0.64943,0.89124,1.45933
0.1189,1.67,126.28527747922264,180.0680576681459,517.2786002976856,63.829220661888264,99.64454700958355,87.05049635978057,0.2784730345391959,0.07879387190360874,0.09118091215575612,4,C0001608_SEG_UNCOMP,0.78928,0.89238,1.31835
0.2682,1.859,522.654636097331,585.769093277847,2023.3499555873234,216.04492343603837,353.56309384192946,329.1987966793199,0.2600904633899112,0.0689134566177467,0.08411995980210032,5,C0001608_SEG_UNCOMP,0.77184,0.79351,1.43466
0.25,2.273,323.4472842069373,870.9092248542503,1742.5819685679926,171.85927870221772,443.9214486976832,209.62564744648725,0.1495859059522044,0.061051174529634065,0.12178236875515756,6,C0001608_SEG_UNCOMP,0.62218,0.96371,1.41411
