BVTV,DA,E1,E2,E3,Mu12,Mu23,Mu31,Nu12,Nu13,Nu23,ROI Number,Scan,m1,m2,m3
0.3295,2.065,769.8770628966537,1045.1429755237484,2416.0810094677263,343.53882072098713,599.7416601393047,469.764292360154,0.264280281352812,0.09617988707338333,0.11599297612131308,1,C0002003_SEG_UNCOMP,0.70521,0.83838,1.45641
0.293,1.902,625.6006973371838,889.1563871350709,1844.9139852674466,289.3926314393139,520.2563029675388,352.7773148301601,0.26476033369710095,0.0953890781627043,0.14522568840756825,2,C0002003_SEG_UNCOMP,0.72499,0.89604,1.37897
0.3647,2.03,895.2129997071365,1172.3499415022807,2687.854519787453,384.9329548865708,682.4444273411765,553.8277417219258,0.28486136060991274,0.09869096292727807,0.12301436375085655,3,C0002003_SEG_UNCOMP,0.71802,0.82461,1.45737
0.274,1.932,540.8790982553103,745.3518780294246,1698.5551788984505,227.73450485913293,444.51808305693186,349.9536010245659,0.2693377741998662,0.10588017666324352,0.11940041214119249,4,C0002003_SEG_UNCOMP,0.72795,0.86593,1.40612
0.25,2.006,409.9221162004377,621.6434790465183,1437.4195360456765,191.0415630318777,382.92879059269745,272.1444125391866,0.2666476582247475,0.09328398925165954,0.1228431449446497,5,C0002003_SEG_UNCOMP,0.70796,0.87217,1.41986
0.2466,1.765,463.12574662700814,601.0369738034555,1402.3096370251296,201.11062171365626,369.70864470818793,282.18071940013544,0.2741417363867788,0.10154026724971078,0.12921403469652037,6,C0002003_SEG_UNCOMP,0.7662,0.88162,1.35218
