BVTV,DA,E1,E2,E3,Mu12,Mu23,Mu31,Nu12,Nu13,Nu23,ROI Number,Scan,m1,m2,m3
0.2517,2.342,310.3280347801427,722.6907446500359,1678.0633407448329,181.5273939082406,437.0722915980979,219.53498705083095,0.20444514200331745,0.05417061292556586,0.12125519274830641,1,C0002132_SEG_UNCOMP,0.62267,0.91909,1.45824
0.1156,1.734,135.25905586500454,219.3675957302422,420.9167940725366,52.41277348687407,113.46473306766958,66.00940112878021,0.17912089215516777,0.07869462133646403,0.14363512163674041,2,C0002132_SEG_UNCOMP,0.7487,0.95332,1.29799
0.2634,1.99,520.768794827858,506.6999501493151,1805.194582711358,241.73834135909598,342.1880134181096,340.973204432201,0.3762341994502617,0.07953660548320796,0.07979186305288079,3,C0002132_SEG_UNCOMP,0.7434,0.77739,1.47921
0.0885,1.706,56.81433207294145,62.68803702310468,290.64553060628594,27.246424547930047,36.59425400811146,42.60519452735323,0.300283803295439,0.05234647392973369,0.04627099989446458,4,C0002132_SEG_UNCOMP,0.806,0.81875,1.37525
0.1168,1.712,116.46658589503456,153.35697182663333,397.386250784869,56.79687884410443,96.81377231204422,58.033206923569956,0.29509975616999856,0.058674495381100665,0.12203323999081035,5,C0002132_SEG_UNCOMP,0.76897,0.91459,1.31644
0.2757,2.078,450.6257331222694,883.417715190857,1837.7960128029345,198.23056497213653,422.04831167350665,268.808812107855,0.17658510836688626,0.07608895405093051,0.11342814049014856,6,C0002132_SEG_UNCOMP,0.69353,0.8651,1.44138
