BVTV,DA,E1,E2,E3,Mu12,Mu23,Mu31,Nu12,Nu13,Nu23,ROI Number,Scan,m1,m2,m3
0.1423,1.945,144.27203962782906,198.5556261308045,852.0985972588047,88.28513365341442,133.04262824957928,102.71313646070074,0.31706351218897927,0.05056327198624049,0.06606880700916717,1,C0001780_SEG_UNCOMP,0.7312,0.84631,1.4225
0.2418,2.199,300.89420646816353,865.385009400613,1410.5070884665447,182.5500536792783,506.86496542926244,207.19143994226633,0.16287083684331305,0.0735101916161646,0.16800525465686758,2,C0001780_SEG_UNCOMP,0.60898,1.05166,1.33936
0.3226,2.089,591.7407932337267,1577.6745549497527,2391.2377505505933,303.2168617118621,738.5766949667816,351.38466671741577,0.14191709456126275,0.07361709515328319,0.16688223756469345,3,C0001780_SEG_UNCOMP,0.63917,1.02542,1.33541
0.1866,1.993,256.41728633019,518.4738137847417,1163.575814355888,119.76232376886082,238.34553125930742,150.02251999004986,0.1792600885924933,0.06503865457140891,0.11198759563480253,4,C0001780_SEG_UNCOMP,0.70502,0.88982,1.40516
0.0972,1.572,103.88785087042537,138.98574318173593,333.1506651613289,42.12442543960234,63.20514640087137,68.34205492322464,0.22378263864079498,0.12559910226928434,0.08960606768789353,5,C0001780_SEG_UNCOMP,0.81026,0.91585,1.27389
0.3184,2.152,680.5553169283255,1444.8949360026977,2349.8563720136813,313.43460819193024,685.1836703543561,407.77340986349344,0.16253929060287028,0.09261429939640481,0.1545757504368653,6,C0001780_SEG_UNCOMP,0.65596,0.93225,1.41179
