BVTV,DA,E1,E2,E3,Mu12,Mu23,Mu31,Nu12,Nu13,Nu23,ROI Number,Scan,m1,m2,m3
0.1794,2.084,143.96762372878518,451.47083599878107,909.9704787546596,85.22834263634319,240.5187219729319,90.74810680987423,0.14086865883572905,0.0442688313354152,0.13389432183982375,1,C0001922_SEG_UNCOMP,0.63605,1.03849,1.32546
0.3588,1.926,729.8815516023118,1478.3098232595544,2406.7175515608797,365.4232662788724,656.644295220663,402.49495222014855,0.1701908541743885,0.0829346051329696,0.15005016951605749,2,C0001922_SEG_UNCOMP,0.70308,0.94258,1.35433
0.1863,1.741,241.70536232649266,277.13561399879677,909.1355998627863,102.47462523494181,179.46114108028837,135.01707720061734,0.26218861867670434,0.060057760199691175,0.0969578244449854,3,C0001922_SEG_UNCOMP,0.78514,0.84815,1.36671
0.1242,1.761,103.41368161886194,127.11858806994996,558.5333201383764,53.82928328683413,86.98422257005197,60.488247506611124,0.29460658517766547,0.04343818759518624,0.07306092801308572,4,C0001922_SEG_UNCOMP,0.75554,0.91409,1.33038
0.2139,1.982,254.09345683013618,434.96126814548956,1249.8905691948664,130.3601787950501,248.8761746428464,157.60845141674233,0.21941116239831893,0.05198911792149307,0.10302376560135645,5,C0001922_SEG_UNCOMP,0.70677,0.89254,1.4007
0.2742,2.08,448.33442221495187,772.1864637945337,1822.7452163042933,210.2344058108925,410.03025756796757,251.86479403110107,0.21384319684418931,0.06234429328579273,0.11709031593643253,6,C0001922_SEG_UNCOMP,0.68062,0.9039,1.41548
