BVTV,DA,E1,E2,E3,Mu12,Mu23,Mu31,Nu12,Nu13,Nu23,ROI Number,Scan,m1,m2,m3
0.1007,2.039,57.381976447046014,73.43175677300925,330.67253373520487,21.11186005855485,39.232353808186346,34.526274351747304,0.1652586045273285,0.045932779812747584,0.058996963255661214,1,C0002177_SEG_UNCOMP,0.71998,0.81186,1.46816
0.1292,2.251,52.055266490307915,199.71470426364033,450.5033370559983,35.238588604603095,129.59934783898967,35.86034112835148,0.1228331911502375,0.03825223201738641,0.14300278033267738,2,C0002177_SEG_UNCOMP,0.58625,1.09383,1.31992
0.0885,2.267,32.36920360993521,116.4120777280777,261.5257090841988,21.775431182702253,71.4533477574821,21.88210923821674,0.10351065219414932,0.04114591728816731,0.13314252663816825,3,C0002177_SEG_UNCOMP,0.59038,1.07104,1.33858
0.0425,2.109,0.2822359580991738,0.7704259183566613,0.9205234466284662,0.11983314966271576,0.4017477420832692,0.13077815435962073,0.0954355623771213,0.05370942302743494,0.015846298690222298,4,C0002177_SEG_UNCOMP,0.63515,1.0253,1.33955
0.013,1.646,0.7653341975797947,0.30409309846592314,2.6226239025451323,0.15533566857131054,0.3450321329206493,0.41507762816640853,0.15480789103074283,0.04045176220768618,0.0600686042089706,5,C0002177_SEG_UNCOMP,0.79352,0.90005,1.30642
0.0255,2.101,0.6314035413240282,0.22782908239980257,1.4794344744390273,0.13022589529917653,0.11747598645871564,0.0771227191566965,0.2219357502211834,0.034962553846497164,0.04691666169503711,6,C0002177_SEG_UNCOMP,0.68272,0.88296,1.43432
