BVTV,DA,E1,E2,E3,Mu12,Mu23,Mu31,Nu12,Nu13,Nu23,ROI Number,Scan,m1,m2,m3
0.0966,2.089,67.19324624572027,119.44093576449845,464.6236276386146,38.78476825900317,69.56673752464182,43.37261327639596,0.25939425129243543,0.03786817469059948,0.0572015459267948,1,C0001799_SEG_UNCOMP,0.68014,0.89919,1.42068
0.1934,2.123,216.01537312017007,517.7829398930028,1168.6245900429265,144.8365486071211,294.11760134172687,154.02673199694078,0.2122663597998668,0.05874906903204239,0.12025385326334297,2,C0001799_SEG_UNCOMP,0.64807,0.97597,1.37596
0.1598,2.538,157.88426023734266,471.05420762795546,1033.102972027344,118.34299335923967,308.4510355869173,130.29731719797095,0.18403528822018897,0.05136865115755602,0.13625123542739834,3,C0001799_SEG_UNCOMP,0.573,0.97244,1.45456
0.2186,2.209,286.0671768432282,671.0337492906671,1413.166860733396,154.01700337910742,341.241456890157,199.42395228844643,0.17081921677342002,0.07108409417259841,0.12381225077439717,4,C0001799_SEG_UNCOMP,0.65152,0.90913,1.43935
0.1957,2.735,172.7554393314266,623.2174704792525,1322.268599639733,142.03725542745525,419.33794720384947,151.25401021608582,0.17604417808119896,0.051218706553719164,0.13627623853192772,5,C0001799_SEG_UNCOMP,0.52884,1.02494,1.44622
0.0505,1.871,41.00035449465763,50.38650161026244,207.55868908905416,14.808530378521807,39.37273541331041,22.6845865932343,0.20075353724578998,0.04387121829370546,0.09708824612936061,6,C0001799_SEG_UNCOMP,0.73761,0.88225,1.38014
