BVTV,DA,E1,E2,E3,Mu12,Mu23,Mu31,Nu12,Nu13,Nu23,ROI Number,Scan,m1,m2,m3
0.1535,1.928,153.56443533689222,373.52104180595757,795.90707970548,84.85783634480674,175.19531107800614,94.46363938115582,0.17539503712631963,0.06181988461518596,0.09652495528230974,1,C0001763_SEG_UNCOMP,0.70117,0.9472,1.35163
0.0516,1.75,29.481846442228456,36.813376497726765,134.74813871197793,12.978259928712863,27.61135397678879,14.353513082900879,0.21952651052015834,0.043784139898401166,0.09822197275369528,2,C0001763_SEG_UNCOMP,0.73998,0.96533,1.2947
0.2476,2.384,316.0657143633729,976.0668324597414,1681.7457532503947,222.9978459648919,511.6901716250633,234.89602152611656,0.15771034541072745,0.06720007223643855,0.14687366884600966,3,C0001763_SEG_UNCOMP,0.58764,1.01121,1.40115
0.1834,2.317,163.26078446263332,614.0037629865083,1044.8769981958815,104.8918784629661,271.99736058334497,125.89880527705898,0.10093127894216194,0.06270289939933686,0.14371308531285193,4,C0001763_SEG_UNCOMP,0.61224,0.96926,1.4185
0.1347,1.984,116.02285162112722,347.95467544066486,636.9057698625917,91.41124392304596,164.62554069974618,85.08282851925382,0.18898961917413204,0.05053218317561304,0.11375431607537748,5,C0001763_SEG_UNCOMP,0.66075,1.02848,1.31077
0.1396,2.163,94.40864292568277,299.21322681928694,654.1623068725295,82.10774990844153,185.1930718290837,74.32856506439289,0.2059075480791418,0.03975288532742998,0.11882564915961348,6,C0001763_SEG_UNCOMP,0.61144,1.06618,1.32238
