BVTV,DA,E1,E2,E3,Mu12,Mu23,Mu31,Nu12,Nu13,Nu23,ROI Number,Scan,m1,m2,m3
0.1485,1.726,145.23339843695757,266.89754589683963,638.4137517206498,78.96746030016268,142.76585241442987,106.22525730874314,0.17895337028204733,0.05977893370856636,0.11012514067243666,1,C0001879_SEG_UNCOMP,0.77361,0.89146,1.33493
0.2955,1.962,499.19590192678794,965.9800412167924,1818.3208875393718,234.39689869827254,460.4045429528529,285.57896959470173,0.18833507550503292,0.0851342718912891,0.12924317180493855,2,C0001879_SEG_UNCOMP,0.69673,0.93607,1.36721
0.1376,1.691,121.64380031680467,219.2927567914186,549.4210414497936,65.0387154700527,118.08833799693524,89.51544303142481,0.17976866716213805,0.05741066935843102,0.10336808167534174,3,C0001879_SEG_UNCOMP,0.7866,0.88361,1.32979
0.3227,1.892,639.1463430394306,1030.550252917065,2067.614753573676,272.44059104146714,509.0384583869822,376.2726242861168,0.19663655527903728,0.09962008121564118,0.12770740779035733,4,C0001879_SEG_UNCOMP,0.72847,0.89333,1.3782
0.2981,1.995,426.30020240134274,962.2594209389723,1756.5052791129262,261.19470279666325,531.6001525680565,293.21927415638027,0.1933275518591179,0.07744412209559033,0.1494247584727307,5,C0001879_SEG_UNCOMP,0.67439,0.98008,1.34554
0.0855,1.972,19.259897495063196,54.44427187875398,211.01267065936173,13.992465119097668,46.94978703615671,16.702172566060884,0.15621532449367623,0.027940499509216458,0.09515802011213756,6,C0001879_SEG_UNCOMP,0.67211,1.00266,1.32523
