BVTV,DA,E1,E2,E3,Mu12,Mu23,Mu31,Nu12,Nu13,Nu23,ROI Number,Scan,m1,m2,m3
0.2849,2.01,442.2441398833272,932.0737167368496,1688.470200380768,212.0339395173162,473.219324944159,263.1249389931748,0.1761517766887711,0.07871519128042644,0.14437694504974158,1,C0002202_SEG_UNCOMP,0.67669,0.963,1.3603
0.2362,2.097,301.28630593060365,668.9729339199619,1453.8592259816187,148.36876773536034,351.41612927783956,199.7673156791956,0.18036236374987405,0.06551843561831877,0.10973676405373277,2,C0002202_SEG_UNCOMP,0.67105,0.92162,1.40733
0.1441,2.131,85.25730993194371,276.38488327917526,571.6563291933381,54.35099429462461,164.22793604279428,59.69613218737709,0.1352061988417377,0.05019559255076651,0.13363150322936165,3,C0002202_SEG_UNCOMP,0.61833,1.06392,1.31774
0.2478,2.185,312.5869442344471,733.35069631753,1504.3575943838475,174.60808512796393,388.5121417916253,202.12414538723672,0.187401333148853,0.0670358604194565,0.12422203662847849,4,C0002202_SEG_UNCOMP,0.64533,0.94449,1.41018
0.2077,2.074,249.24893701611168,359.4567095478496,1230.5320508348343,140.18101404480362,234.5823198924486,181.20941305935358,0.2998106548265204,0.0653481795869064,0.08205425513723988,5,C0002202_SEG_UNCOMP,0.71107,0.81392,1.47501
0.1708,1.991,113.02846328096241,385.3776943170457,667.3982577138727,74.86825725056164,211.4755617906634,81.99687089299817,0.11961921142344031,0.052752872054669414,0.1616236929645672,6,C0002202_SEG_UNCOMP,0.63799,1.09195,1.27006
