BVTV,DA,E1,E2,E3,Mu12,Mu23,Mu31,Nu12,Nu13,Nu23,ROI Number,Scan,m1,m2,m3
0.1918,1.923,198.21084684541896,304.272356144929,918.7155882520882,92.8753791306135,155.35795583044532,131.87626003450887,0.20937871506224823,0.06681128488155982,0.07658899334248698,1,C0001534_SEG_UNCOMP,0.73481,0.85234,1.41285
0.14,1.973,100.43582611964337,236.55068308951692,494.49950626585166,45.024591180071276,126.67617346229359,68.81798841903537,0.11385116004793536,0.059978647546517536,0.12755604526808603,2,C0001534_SEG_UNCOMP,0.68545,0.96242,1.35212
0.1739,1.728,124.57630561492414,216.8772625252429,778.7321768861882,62.752243720931304,138.42450071213653,85.89699336978238,0.1528404131029892,0.05035685736946295,0.0836377039019219,3,C0001534_SEG_UNCOMP,0.73895,0.98439,1.27666
0.3438,2.045,626.0755163776066,1206.5353321430957,2229.886042027701,324.2820138267341,608.5995749259758,382.53184416043234,0.19137238129680673,0.0884655667079104,0.13603797585152277,4,C0001534_SEG_UNCOMP,0.68148,0.92456,1.39395
0.1578,1.878,97.59469459387313,189.56411469371895,601.344018828053,71.05436755292256,127.52261381053562,68.56601962603487,0.22916256588290398,0.04058598441305446,0.08607278443118553,5,C0001534_SEG_UNCOMP,0.71201,0.95065,1.33733
0.2915,2.095,385.0740720817579,825.6838680635601,1797.0864097085534,244.1427922194372,469.39105768955704,285.1248856535701,0.2058051917266656,0.06971385910536337,0.12083752643747654,6,C0001534_SEG_UNCOMP,0.6688,0.92976,1.40144
