BVTV,DA,E1,E2,E3,Mu12,Mu23,Mu31,Nu12,Nu13,Nu23,ROI Number,Scan,m1,m2,m3
0.1543,1.839,183.06039084996684,247.71154251462866,719.9873062879419,81.46568801730403,164.4916929485735,113.78662444512113,0.2334774078690011,0.08354905680486424,0.11451273134964766,1,C0001839_SEG_UNCOMP,0.74031,0.89814,1.36155
0.2512,2.221,447.9823416864637,688.1653034289703,1730.3830734937837,184.9755156244746,399.2430206041214,223.590911225053,0.20902585113024585,0.06403806959507141,0.11186439346550024,2,C0001839_SEG_UNCOMP,0.66593,0.85522,1.47885
0.2619,2.243,322.45845477391686,942.1821493303282,1645.8827673416517,225.4661552295482,508.2363010378118,227.55105470390004,0.17532693994497017,0.06751585585582767,0.1565618266398532,3,C0001839_SEG_UNCOMP,0.59878,1.05794,1.34328
0.1528,2.087,178.6480237314022,238.31550598546497,909.6610977286672,96.9257856333689,163.69358152119668,113.26302587865511,0.30774638847334373,0.05045787204827045,0.0730018539355189,4,C0001839_SEG_UNCOMP,0.6983,0.84429,1.45741
0.1781,2.34,196.54181971578632,452.8664780144152,1112.65968976799,127.15820063718004,263.0795150628407,135.84998884003045,0.21477175945085566,0.05926650657479657,0.1071965111407183,5,C0001839_SEG_UNCOMP,0.61414,0.94862,1.43724
0.1937,2.11,267.22407335902085,458.16613337408234,1264.3409579323609,135.11701544585037,252.72403097893422,164.56531864311233,0.23119022843703146,0.06131238007127668,0.09617025715969452,6,C0001839_SEG_UNCOMP,0.68378,0.87347,1.44275
