BVTV,DA,E1,E2,E3,Mu12,Mu23,Mu31,Nu12,Nu13,Nu23,ROI Number,Scan,m1,m2,m3
0.1706,1.837,212.34511738649866,269.04693376839566,768.584151390282,74.4668058165201,160.18047740528522,129.30759210335233,0.20652601059947745,0.07607877978818871,0.10233682730563183,1,C0002033_SEG_UNCOMP,0.75816,0.8491,1.39274
0.2546,2.398,313.47742363722773,776.0011428365608,1601.162084094898,171.81859594015157,485.2874517258657,198.6388209805844,0.19460266209681662,0.055873213765130124,0.13724886982544462,2,C0002033_SEG_UNCOMP,0.58174,1.02338,1.39488
0.2431,2.103,334.66089873629403,740.317943423553,1542.5195119618666,173.69356263494663,412.5972533869426,184.79794208601035,0.1682880231562029,0.05587992956384624,0.12484964415254525,3,C0002033_SEG_UNCOMP,0.64231,1.00723,1.35046
0.1735,1.757,183.06445926120526,260.16644933930957,670.0216330680754,89.95692579665749,149.63103800933146,110.75863838934067,0.25397973186507994,0.08149580455947854,0.09269378547337331,4,C0002033_SEG_UNCOMP,0.76721,0.88485,1.34793
0.1293,1.661,117.83167908981703,147.55727312156247,531.6065889189126,57.94624836027613,105.52170756142122,72.13675680090293,0.2816493388056541,0.045653564965774655,0.10397093760532536,5,C0002033_SEG_UNCOMP,0.80495,0.8579,1.33716
0.22,1.771,300.1986736058817,480.50998189627825,1205.3073158587144,172.530050291136,298.972725573078,213.8586450248897,0.2698205451370588,0.07439460414750296,0.11595141934593273,6,C0002033_SEG_UNCOMP,0.76556,0.87851,1.35593
