BVTV,DA,E1,E2,E3,Mu12,Mu23,Mu31,Nu12,Nu13,Nu23,ROI Number,Scan,m1,m2,m3
0.333,2.077,743.7175349635726,977.5908049574961,2370.7923972200006,347.77644238356737,538.5928527984073,473.10476250547345,0.28354246681220674,0.09874865623528953,0.10791158427012086,1,C0002073_SEG_UNCOMP,0.70297,0.83685,1.46018
0.2329,2.387,267.23888301127306,756.2066468496112,1478.4923558702928,136.23156796471653,399.5499183574041,188.67770572638403,0.15445025934284135,0.07462656838688912,0.12977341753375723,2,C0002073_SEG_UNCOMP,0.60338,0.95662,1.44
0.1805,2.046,171.48576626917384,420.3086463894197,983.0763945495991,99.84561980229701,220.41666948481387,110.81067275309844,0.19854266298429998,0.05844480037988246,0.10223707371281252,3,C0002073_SEG_UNCOMP,0.67109,0.95563,1.37328
0.1874,2.395,185.80064233622738,416.56655336039603,1143.1425723427433,87.48487344912887,231.17385085287984,119.12372652756375,0.16850515499321841,0.05349733852764844,0.09480873579038662,4,C0002073_SEG_UNCOMP,0.61855,0.89984,1.4816
0.2037,2.19,229.67142958161028,463.96845332934043,1212.4564620456322,106.49434606902754,220.1013502592854,134.6199679035842,0.18195142680236923,0.05686593568044696,0.08901210540669888,5,C0002073_SEG_UNCOMP,0.65689,0.90437,1.43874
0.2364,2.301,305.6184427772623,604.5982434105084,1476.5857956381742,159.68825927240235,350.52920210537167,198.01580222695776,0.21547266164338205,0.06787519145763486,0.11491334628204387,6,C0002073_SEG_UNCOMP,0.62732,0.92914,1.44354
