BVTV,DA,E1,E2,E3,Mu12,Mu23,Mu31,Nu12,Nu13,Nu23,ROI Number,Scan,m1,m2,m3
0.2517,2.342,310.3280347801427,722.6907446500358,1678.0633407448329,181.52739390824058,437.0722915980979,219.53498705083098,0.20444514200331745,0.05417061292556583,0.12125519274830639,1,C0002132_SEG_UNCOMP,0.62267,0.91909,1.45824
0.1156,1.734,135.25905586500454,219.36759573024213,420.91679407253673,52.41277348687406,113.46473306766963,66.0094011287802,0.17912089215516783,0.07869462133646403,0.14363512163674041,2,C0002132_SEG_UNCOMP,0.7487,0.95332,1.29799
0.2634,1.99,520.768794827858,506.6999501493151,1805.194582711358,241.73834135909604,342.1880134181095,340.9732044322009,0.3762341994502617,0.07953660548320801,0.07979186305288079,3,C0002132_SEG_UNCOMP,0.7434,0.77739,1.47921
0.0885,1.706,56.81433207294145,62.68803702310468,290.645530606286,27.246424547930047,36.594254008111456,42.60519452735323,0.30028380329543897,0.05234647392973368,0.04627099989446457,4,C0002132_SEG_UNCOMP,0.806,0.81875,1.37525
0.1168,1.712,116.46658589503453,153.3569718266333,397.386250784869,56.79687884410443,96.81377231204421,58.03320692356993,0.29509975616999856,0.05867449538110067,0.12203323999081032,5,C0002132_SEG_UNCOMP,0.76897,0.91459,1.31644
0.2757,2.078,10.956086616555039,16.815249332157844,25.206034998951424,3.6393067283835823,13.533795311055217,5.123195714751139,0.055837079710677064,0.06893859995287752,0.336841619597049,6,C0002132_SEG_UNCOMP,0.69353,0.8651,1.44138
