BVTV,DA,E1,E2,E3,Mu12,Mu23,Mu31,Nu12,Nu13,Nu23,ROI Number,Scan,m1,m2,m3
0.1322,1.629,88.21010621391348,137.89859667761564,317.0163200676186,33.41089690636189,62.60415611489493,48.36913545903883,0.1417244197345982,0.07334624199346307,0.10169476680789914,1,C0001696_SEG_UNCOMP,0.78532,0.93555,1.27913
0.1454,1.619,98.59475033519631,164.67247452535256,354.42972094150616,48.059593155637565,74.84218470123416,50.61497360540386,0.1758068813605998,0.062173294040482205,0.09266228247211052,2,C0001696_SEG_UNCOMP,0.77592,0.96763,1.25645
0.1457,1.845,93.37844704250101,160.01277730830867,403.4480722246336,42.05935692656541,90.97204492229831,47.25017965974514,0.18311294003059114,0.050355961371555215,0.1053318171890506,3,C0001696_SEG_UNCOMP,0.71315,0.97118,1.31567
0.0859,1.787,30.130333592367766,58.943782212201775,218.84747008077238,18.69484163141465,32.46268010475628,20.681492107041766,0.1822184150947412,0.038392210213444584,0.0565291916815587,4,C0001696_SEG_UNCOMP,0.74069,0.93597,1.32334
0.2147,2.079,172.30942836128983,408.87058090156694,891.5159982476197,100.59261032558732,228.7408627991108,109.18456999058407,0.1788044551433476,0.054379678633685924,0.12007867612937802,5,C0001696_SEG_UNCOMP,0.65649,0.9785,1.36501
0.1888,1.906,135.09076968450339,303.5264105952253,644.8815011217014,68.4496165783009,161.92804981174123,84.84311476584992,0.14625691098014496,0.062307354279247676,0.11136292719824736,6,C0001696_SEG_UNCOMP,0.6897,0.99564,1.31466
