BVTV,DA,E1,E2,E3,Mu12,Mu23,Mu31,Nu12,Nu13,Nu23,ROI Number,Scan,m1,m2,m3
0.2818,1.762,645.3618933127111,896.8406713482581,1889.5222773522119,275.342270912955,398.0699081144919,339.66528268829694,0.2265458427519046,0.09954552119284782,0.10604817103611598,1,C0001585_SEG_UNCOMP,0.77111,0.87003,1.35886
0.1937,2.18,275.6716564039523,467.3868363961887,1131.3391265142616,128.17640190409642,309.23505686796227,148.86717028481485,0.24259131071795406,0.059349501701778315,0.12824363892623367,2,C0001585_SEG_UNCOMP,0.65051,0.93154,1.41795
0.2421,2.051,301.94812989464856,734.1016089441318,1395.8371676547185,184.34577069841913,444.1212102359504,207.6892897426437,0.1934942324885533,0.06851151259647158,0.15654088194566101,3,C0001585_SEG_UNCOMP,0.65755,0.99412,1.34833
0.1293,2.076,167.3026937820408,222.88527848336435,698.7274948196851,52.97350197114791,150.29500408569834,83.83471050073425,0.2177178766007017,0.059986259914192604,0.10741633949724438,4,C0001585_SEG_UNCOMP,0.68831,0.88279,1.4289
0.2672,1.84,599.5748538741423,721.1175915185753,1784.838603362839,294.9056475000471,375.8485563557558,334.79135541994924,0.31291551109910015,0.0863879819060718,0.1040030769421034,5,C0001585_SEG_UNCOMP,0.76212,0.8354,1.40248
0.2062,2.172,244.55294557591208,606.2485537176768,1248.774998349256,136.91542252124515,367.97756371939647,161.65026229722628,0.18080882563838854,0.06358220865224369,0.14278114904236336,6,C0001585_SEG_UNCOMP,0.64083,0.96729,1.39188
