BVTV,DA,E1,E2,E3,Mu12,Mu23,Mu31,Nu12,Nu13,Nu23,ROI Number,Scan,m1,m2,m3
0.3104,2.176,460.90531344576357,1113.8814987564758,2126.7218046279945,273.61490321097847,593.4473605680926,297.38520933330665,0.19030932355117433,0.06540896392897566,0.13936214113110665,1,C0001885_SEG_UNCOMP,0.64141,0.96301,1.39559
0.2295,2.1,322.9182185648138,745.157133982055,1447.6329372784282,165.0570318971422,375.6633541073754,172.01802075155896,0.18225215771692457,0.05742094640000986,0.1368477973759165,2,C0001885_SEG_UNCOMP,0.65597,0.96676,1.37727
0.3257,1.832,487.6291824471379,1057.9548584157799,1760.389518949559,271.8488547184836,557.8848280883617,322.0203131940204,0.17643878371683508,0.09098003392927392,0.15817980289753175,3,C0001885_SEG_UNCOMP,0.70038,1.01623,1.28339
0.2222,2.164,238.35601865104326,573.0794649894989,1283.1948909292164,146.6078401864291,320.8705732515169,169.99218395723744,0.1835951348423665,0.05937050225000689,0.12486173489111652,4,C0001885_SEG_UNCOMP,0.64735,0.95182,1.40083
0.1589,2.113,140.3145848540217,344.4480758213813,880.5296006201551,59.234816706384514,166.82948534836652,89.62709651443525,0.1286904379467041,0.046131882004972,0.09792127895283406,5,C0001885_SEG_UNCOMP,0.68201,0.87699,1.441
0.2314,2.092,262.62124217519073,429.2205350047594,1382.2004024314997,135.43826390761276,307.9979215971945,161.81175055458834,0.2177106012505354,0.046448371944131574,0.10693385956651794,6,C0001885_SEG_UNCOMP,0.6679,0.93487,1.39723
