BVTV,DA,E1,E2,E3,Mu12,Mu23,Mu31,Nu12,Nu13,Nu23,ROI Number,Scan,m1,m2,m3
0.228,2.151,267.9774468814927,662.2106229329557,1355.8633956584463,140.6822249324479,384.45617423452705,174.30308477341387,0.17039977345183255,0.059424690968473075,0.1529030985903936,1,C0002013_SEG_UNCOMP,0.64091,0.98055,1.37854
0.2914,2.249,393.24796756365623,1088.856291446056,1934.6338524049804,216.04281924565666,536.6959334868401,245.68764039046425,0.16988141875341087,0.0644861407254202,0.1434826770627074,2,C0002013_SEG_UNCOMP,0.62207,0.97867,1.39926
0.355,2.309,589.0690072294001,1572.0312949378424,2471.0010862118143,367.1909984445351,820.7296895499516,387.84630051681614,0.18207632149266598,0.0799287270638986,0.16913381773202038,3,C0002013_SEG_UNCOMP,0.59872,1.01857,1.38271
0.2652,2.275,323.61183317006055,782.3630959425278,1715.4411829487856,204.11277085851762,470.0341724533704,239.44069040197192,0.21137055246466074,0.06942490590744016,0.12362511149599993,4,C0002013_SEG_UNCOMP,0.61367,0.99044,1.39589
0.3528,2.525,606.2667327890954,1502.6500174926432,2649.880436970539,328.32306890712414,818.3767525167401,390.18966743169415,0.18707262543523195,0.07091458964528853,0.15599404214555493,5,C0002013_SEG_UNCOMP,0.57841,0.96107,1.46053
0.1758,1.991,254.25384002985933,291.5299752262596,1053.4104121689747,94.73535371071803,166.7566369588794,150.21702375587734,0.2548076486507959,0.07190615279301955,0.07323102453302802,6,C0002013_SEG_UNCOMP,0.73103,0.81379,1.45518
