BVTV,DA,E1,E2,E3,Mu12,Mu23,Mu31,Nu12,Nu13,Nu23,ROI Number,Scan,m1,m2,m3
0.1127,1.924,71.70069647456724,126.08924911685726,364.60306059197757,40.17264627155072,76.81099410813842,45.83402393929563,0.20077719119486656,0.040734682222631595,0.09753592930022204,1,C0001552_SEG_UNCOMP,0.70505,0.93838,1.35657
0.2584,2.014,445.37854131171895,668.3767006922701,1677.639757216519,217.60092151715068,371.8161164432933,308.26744498936813,0.24343464856643215,0.08044833973922011,0.11039966560032126,2,C0001552_SEG_UNCOMP,0.71771,0.8369,1.44539
0.0783,1.801,25.34918349650986,54.24456321616457,167.91422249564692,16.307516003055174,29.050582237856755,15.37539884686601,0.16916361300315613,0.034402515000005164,0.07373259467818148,3,C0001552_SEG_UNCOMP,0.73698,0.93577,1.32725
0.2214,1.901,273.2633861432895,338.56331567163863,1296.9259380403337,128.87327910401268,222.9753936022951,211.8216108487742,0.2770416447563458,0.06434715248398486,0.07624466129926395,4,C0001552_SEG_UNCOMP,0.75957,0.7965,1.44393
0.0936,1.793,35.84744465548313,58.92947233486156,212.9003530843396,19.9377013562573,36.28924334742915,24.10558262682958,0.19994449499356903,0.04750896487697323,0.08561101474555997,5,C0001552_SEG_UNCOMP,0.74932,0.90728,1.3434
0.2202,1.913,297.36433126997883,476.40951408547164,1252.6791734967576,165.5363981437984,273.9594201847443,203.08791315326042,0.2285694203714611,0.0741399912999193,0.10212588230179,6,C0001552_SEG_UNCOMP,0.72837,0.87832,1.39332
