BVTV,DA,E1,E2,E3,Mu12,Mu23,Mu31,Nu12,Nu13,Nu23,ROI Number,Scan,m1,m2,m3
0.0966,2.089,67.19324624572027,119.44093576449845,464.6236276386146,38.78476825900317,69.56673752464184,43.37261327639596,0.2593942512924355,0.03786817469059947,0.05720154592679482,1,C0001799_SEG_UNCOMP,0.68014,0.89919,1.42068
0.1934,2.123,216.01537312016998,517.7829398930025,1168.6245900429265,144.83654860712105,294.1176013417269,154.02673199694075,0.2122663597998669,0.05874906903204241,0.12025385326334295,2,C0001799_SEG_UNCOMP,0.64807,0.97597,1.37596
0.1598,2.538,157.8842602373427,471.05420762795546,1033.102972027344,118.34299335923967,308.4510355869173,130.2973171979709,0.18403528822018897,0.051368651157556025,0.13625123542739834,3,C0001799_SEG_UNCOMP,0.573,0.97244,1.45456
0.2186,2.209,286.0671768432283,671.0337492906672,1413.166860733396,154.01700337910745,341.241456890157,199.42395228844643,0.17081921677341996,0.07108409417259845,0.12381225077439717,4,C0001799_SEG_UNCOMP,0.65152,0.90913,1.43935
0.1957,2.735,172.7554393314266,623.2174704792524,1322.2685996397329,142.03725542745522,419.33794720384947,151.25401021608585,0.17604417808119896,0.05121870655371917,0.13627623853192777,5,C0001799_SEG_UNCOMP,0.52884,1.02494,1.44622
0.0505,1.871,41.000354494657614,50.386501610262435,207.55868908905413,14.808530378521803,39.37273541331041,22.684586593234293,0.20075353724578993,0.043871218293705445,0.0970882461293606,6,C0001799_SEG_UNCOMP,0.73761,0.88225,1.38014
