BVTV,DA,E1,E2,E3,Mu12,Mu23,Mu31,Nu12,Nu13,Nu23,ROI Number,Scan,m1,m2,m3
0.1283,1.808,88.20148485855651,182.33102670279055,407.8051939096287,53.446912032158124,119.34373856545898,61.267192617493215,0.21331465434331953,0.06756541827351696,0.14084782748052088,1,C0001691_SEG_UNCOMP,0.71822,0.9834,1.29838
0.2129,2.14,251.89887886777433,320.4497524964779,1348.1003916456266,121.93500092914873,203.33322583331298,172.91122823433523,0.2875019097924703,0.054038768291967916,0.06657421361870558,2,C0001691_SEG_UNCOMP,0.70011,0.80195,1.49794
0.1236,1.996,78.69467871854647,135.74414624628156,449.2523722584964,36.53955421588739,69.68641925613912,48.2877285658795,0.20126297742744456,0.05009475098615115,0.0699182881483908,3,C0001691_SEG_UNCOMP,0.70763,0.8802,1.41217
0.1324,2.087,73.49334610869126,175.9673207238092,487.8965973806954,44.88790615891359,96.05723815422003,54.13744494751349,0.19471309517181845,0.057782217471683744,0.08312366667170958,4,C0001691_SEG_UNCOMP,0.66662,0.94204,1.39133
0.1722,2.063,160.3735428329196,307.7959378319425,810.5397639042659,78.03279649381469,172.27387917060486,92.68086878697311,0.2256512950196823,0.05468624089784224,0.09697182389823968,5,C0001691_SEG_UNCOMP,0.67445,0.93399,1.39157
0.1042,1.973,65.15485290822619,152.26939452863547,344.6468652285033,35.69565687056478,94.38581435140681,42.379877294418435,0.1509523034051722,0.055608637275213056,0.14728238729846843,6,C0001691_SEG_UNCOMP,0.68432,0.96584,1.34984
