BVTV,DA,E1,E2,E3,Mu12,Mu23,Mu31,Nu12,Nu13,Nu23,ROI Number,Scan,m1,m2,m3
0.1249,2.092,75.74624124955176,223.92455197549478,460.322219458237,37.15511251776503,137.32229469663852,48.147349946349905,0.09238973332394065,0.05892172580660224,0.15933816545623822,1,C0001724_SEG_UNCOMP,0.6286,1.05638,1.31502
0.0858,1.85,48.49408382527481,82.51484323732772,284.13170283384426,28.768956837444907,49.41486541806615,34.53798040557879,0.23882621243067237,0.04719567475527929,0.07720235755086519,2,C0001724_SEG_UNCOMP,0.7471,0.87091,1.38199
0.2146,2.116,255.64329270328943,446.7391977226374,1248.5813576851992,116.81118968654785,217.5964195264847,150.91473382624994,0.19637904788831348,0.05924983997913649,0.08710927822560481,3,C0001724_SEG_UNCOMP,0.68638,0.86155,1.45207
0.1375,1.939,98.06726892594558,231.7940939114934,609.2830949841447,58.69791030056644,99.3620517855813,71.89259809355907,0.1420426365471132,0.06221802236564792,0.08220700580956457,4,C0001724_SEG_UNCOMP,0.73017,0.85438,1.41544
0.2108,2.307,173.45594010278003,488.1173133255424,1243.4395658174094,114.0291277776652,246.65209428919374,140.614873608101,0.15725492672198382,0.05023976609704596,0.0977566409394094,5,C0001724_SEG_UNCOMP,0.64046,0.8817,1.47785
0.112,2.065,58.26169920848556,120.20786230767894,460.5409478005003,31.187535696811,55.767936816151135,45.34373394123928,0.1758413789435712,0.0544943225143393,0.05302328622712976,6,C0001724_SEG_UNCOMP,0.71698,0.80246,1.48056
