BVTV,DA,E1,E2,E3,Mu12,Mu23,Mu31,Nu12,Nu13,Nu23,ROI Number,Scan,m1,m2,m3
0.1543,1.839,183.0603908499668,247.71154251462866,719.9873062879419,81.46568801730403,164.4916929485735,113.7866244451211,0.23347740786900106,0.08354905680486424,0.11451273134964766,1,C0001839_SEG_UNCOMP,0.74031,0.89814,1.36155
0.2512,2.221,447.9823416864637,688.1653034289703,1730.3830734937837,184.97551562447455,399.24302060412145,223.5909112250529,0.2090258511302459,0.06403806959507143,0.11186439346550023,2,C0001839_SEG_UNCOMP,0.66593,0.85522,1.47885
0.2619,2.243,322.4584547739169,942.1821493303282,1645.8827673416517,225.46615522954826,508.2363010378118,227.55105470390004,0.1753269399449702,0.0675158558558277,0.15656182663985316,3,C0001839_SEG_UNCOMP,0.59878,1.05794,1.34328
0.1528,2.087,178.64802373140222,238.31550598546497,909.6610977286672,96.9257856333689,163.69358152119668,113.26302587865511,0.3077463884733437,0.05045787204827045,0.07300185393551892,4,C0001839_SEG_UNCOMP,0.6983,0.84429,1.45741
0.1781,2.34,196.54181971578635,452.8664780144152,1112.65968976799,127.15820063717999,263.0795150628407,135.84998884003042,0.21477175945085566,0.05926650657479657,0.10719651114071835,5,C0001839_SEG_UNCOMP,0.61414,0.94862,1.43724
0.1937,2.11,267.2240733590209,458.16613337408245,1264.3409579323604,135.11701544585037,252.72403097893422,164.56531864311233,0.23119022843703146,0.061312380071276706,0.09617025715969456,6,C0001839_SEG_UNCOMP,0.68378,0.87347,1.44275
