BVTV,DA,E1,E2,E3,Mu12,Mu23,Mu31,Nu12,Nu13,Nu23,ROI Number,Scan,m1,m2,m3
0.2849,2.01,442.2441398833272,932.0737167368496,1688.4702003807681,212.0339395173162,473.2193249441592,263.1249389931748,0.1761517766887711,0.07871519128042644,0.14437694504974155,1,C0002202_SEG_UNCOMP,0.67669,0.963,1.3603
0.2362,2.097,301.2863059306037,668.9729339199621,1453.8592259816185,148.36876773536036,351.41612927783956,199.7673156791956,0.18036236374987402,0.06551843561831877,0.10973676405373278,2,C0002202_SEG_UNCOMP,0.67105,0.92162,1.40733
0.1441,2.131,85.25730993194367,276.38488327917526,571.6563291933381,54.35099429462462,164.22793604279428,59.69613218737709,0.13520619884173765,0.05019559255076649,0.13363150322936168,3,C0002202_SEG_UNCOMP,0.61833,1.06392,1.31774
0.2478,2.185,312.58694423444706,733.3506963175299,1504.3575943838475,174.60808512796396,388.51214179162525,202.1241453872367,0.18740133314885307,0.0670358604194565,0.12422203662847839,4,C0002202_SEG_UNCOMP,0.64533,0.94449,1.41018
0.2077,2.074,249.24893701611168,359.4567095478496,1230.5320508348343,140.18101404480362,234.58231989244865,181.20941305935358,0.2998106548265205,0.06534817958690639,0.08205425513723988,5,C0002202_SEG_UNCOMP,0.71107,0.81392,1.47501
0.1708,1.991,113.02846328096234,385.3776943170457,667.3982577138723,74.86825725056165,211.4755617906633,81.99687089299817,0.11961921142344024,0.0527528720546694,0.16162369296456724,6,C0002202_SEG_UNCOMP,0.63799,1.09195,1.27006
