BVTV,DA,E1,E2,E3,Mu12,Mu23,Mu31,Nu12,Nu13,Nu23,ROI Number,Scan,m1,m2,m3
0.1249,2.092,75.74624124955177,223.92455197549475,460.322219458237,37.15511251776503,137.32229469663852,48.147349946349905,0.09238973332394071,0.05892172580660225,0.1593381654562382,1,C0001724_SEG_UNCOMP,0.6286,1.05638,1.31502
0.0858,1.85,48.49408382527481,82.51484323732771,284.1317028338444,28.768956837444907,49.41486541806616,34.53798040557879,0.23882621243067245,0.04719567475527929,0.07720235755086519,2,C0001724_SEG_UNCOMP,0.7471,0.87091,1.38199
0.2146,2.116,255.6432927032895,446.7391977226374,1248.5813576851997,116.81118968654788,217.5964195264847,150.91473382624997,0.1963790478883135,0.0592498399791365,0.08710927822560477,3,C0001724_SEG_UNCOMP,0.68638,0.86155,1.45207
0.1375,1.939,98.06726892594558,231.79409391149335,609.2830949841447,58.697910300566434,99.36205178558133,71.89259809355909,0.14204263654711322,0.06221802236564791,0.08220700580956458,4,C0001724_SEG_UNCOMP,0.73017,0.85438,1.41544
0.2108,2.307,173.45594010278006,488.1173133255424,1243.4395658174096,114.0291277776652,246.65209428919374,140.614873608101,0.15725492672198385,0.05023976609704594,0.09775664093940942,5,C0001724_SEG_UNCOMP,0.64046,0.8817,1.47785
0.112,2.065,58.26169920848558,120.2078623076789,460.5409478005007,31.187535696811015,55.76793681615112,45.343733941239265,0.1758413789435714,0.05449432251433929,0.05302328622712971,6,C0001724_SEG_UNCOMP,0.71698,0.80246,1.48056
