BVTV,DA,E1,E2,E3,Mu12,Mu23,Mu31,Nu12,Nu13,Nu23,ROI Number,Scan,m1,m2,m3
0.3678,1.971,694.2349110831775,1492.121388065813,2465.4680240113876,367.9819305970302,738.7760607148002,395.2993019657778,0.17776017569732802,0.08213941184269653,0.15700786875424502,1,C0002023_SEG_UNCOMP,0.67525,0.99387,1.33088
0.2177,2.158,251.55448497566735,393.04746311603674,1276.5489689490892,110.12274969798963,251.2227430837075,157.18064756160962,0.19035745926987768,0.058819362912401967,0.08868394174449487,2,C0002023_SEG_UNCOMP,0.6782,0.85825,1.46354
0.138,1.817,109.56855477989367,261.1009509312623,591.2459765572083,60.06410527012281,141.4909262859382,75.85687516413884,0.12836466506140742,0.058065610857482006,0.11886654805698198,3,C0002023_SEG_UNCOMP,0.72577,0.95543,1.3188
0.0693,1.95,29.654628144315524,62.53022189102342,203.22809143535895,15.33936926901375,44.75207349435986,17.52035129197879,0.15019521016567738,0.037035391130973844,0.10397173248779933,4,C0002023_SEG_UNCOMP,0.70517,0.91966,1.37517
0.3066,1.893,521.0148709053932,1152.686522283801,1997.3390605291015,265.1676923417884,532.0910438171966,288.7953649791565,0.16588146993729974,0.07456638045107063,0.1389802861624775,5,C0002023_SEG_UNCOMP,0.7043,0.96214,1.33356
0.1235,2.05,87.87017989293764,120.02128014627885,515.4719462373947,36.70893043879054,84.58576362077427,52.799715278008,0.1974672601900119,0.04631521440851126,0.06552236090701179,6,C0002023_SEG_UNCOMP,0.69371,0.88421,1.42209
