BVTV,DA,E1,E2,E3,Mu12,Mu23,Mu31,Nu12,Nu13,Nu23,ROI Number,Scan,m1,m2,m3
0.1587,1.93,122.12871493036667,218.61239661344925,667.8082430358222,71.84972255991352,129.6717494028501,83.74864280291936,0.20692045215754426,0.04845103293271026,0.09971162971463914,1,C0001974_SEG_UNCOMP,0.72228,0.88349,1.39423
0.1399,1.904,89.51911433700677,138.30091614759692,495.8935847768405,51.72087133248792,84.28955517378351,65.30437363222804,0.23135545482074338,0.0530350672554958,0.0711160893255334,2,C0001974_SEG_UNCOMP,0.73384,0.86873,1.39743
0.1518,2.003,90.86848082864053,233.6166247780446,549.763977186431,53.31909677591008,116.36123517262062,62.519269446840546,0.15001860293422428,0.058056245272488594,0.1091408853266072,3,C0001974_SEG_UNCOMP,0.68494,0.94309,1.37197
0.2277,2.118,233.9660390168935,604.6410456098492,1224.7008668292058,118.77999456567574,261.61986483653885,132.09643862873799,0.13965095974069033,0.05216699644526427,0.11687213393271975,4,C0001974_SEG_UNCOMP,0.66679,0.92089,1.41232
0.1779,1.943,150.83907707387198,408.6968488564304,691.2371404191432,78.59796993708169,171.40149329617057,87.61967391055482,0.1348111313191375,0.06706512031909355,0.14047649268643578,5,C0001974_SEG_UNCOMP,0.68783,0.97552,1.33664
0.2388,2.141,239.05284622935807,583.7338164820429,1221.0070994798195,159.82520634354063,314.7011443872198,159.01578169004574,0.19961231136227092,0.06171324633510865,0.12497928982776775,6,C0001974_SEG_UNCOMP,0.63955,0.99112,1.36933
