BVTV,DA,E1,E2,E3,Mu12,Mu23,Mu31,Nu12,Nu13,Nu23,ROI Number,Scan,m1,m2,m3
0.2635,2.186,438.51472664449705,715.2475492674844,1832.1744451408138,222.19555760726655,421.15062320587526,300.7577892404116,0.2486971196983218,0.07193414498921245,0.10887958459348995,1,C0001962_SEG_UNCOMP,0.67906,0.83624,1.4847
0.1413,1.903,194.14739385269868,247.65824919518113,720.8847775023509,74.99468811459995,153.90343977836628,112.7890877529014,0.24594161177614438,0.08139382815558488,0.10209700632452354,2,C0001962_SEG_UNCOMP,0.74346,0.8416,1.41493
0.2778,2.234,487.49755271463744,764.7142708534519,2026.8708583331786,248.48875251540534,460.74017584449774,326.9558749972674,0.25914392914054946,0.06876453560551862,0.10489541736348265,3,C0001962_SEG_UNCOMP,0.67246,0.82495,1.50259
0.1768,2.227,174.10573582211964,419.3821555520508,970.2446567190948,117.80603741244164,267.4002182401797,130.99177750547565,0.22884183382872939,0.060029509846977365,0.11898033327661199,4,C0001962_SEG_UNCOMP,0.62745,0.97515,1.3974
0.1445,1.851,174.76283871213573,267.6608049210825,722.1013818759973,74.02823918905796,170.734575918194,99.21395980273459,0.24044362923095886,0.07261642942549748,0.11504583350019171,5,C0001962_SEG_UNCOMP,0.74567,0.87412,1.38022
0.2972,2.241,508.3225876879801,1181.9309610236694,2186.4869585056867,263.2411372080984,611.1164198926759,319.11749869256687,0.17181704604859852,0.07749717149676241,0.13698494118122911,6,C0001962_SEG_UNCOMP,0.63433,0.94386,1.42182
