BVTV,DA,E1,E2,E3,Mu12,Mu23,Mu31,Nu12,Nu13,Nu23,ROI Number,Scan,m1,m2,m3
0.2152,1.83,332.5199867966951,462.72811114202267,1367.8868452805316,163.72522293408102,269.2378014783985,188.78722489745473,0.2678594564626879,0.05739737968415993,0.09863001634454083,1,C0002163_SEG_UNCOMP,0.74854,0.88176,1.36971
0.2386,1.889,487.0422168203374,616.0617450932245,1460.4213263428799,192.7157937199914,324.1695795786131,257.613179463299,0.27637668295402,0.08316613686230044,0.11489197974738104,2,C0002163_SEG_UNCOMP,0.73363,0.88059,1.38578
0.1611,1.646,251.57047473879197,288.6523540538983,759.263568227657,116.77587791214971,145.60973464201012,120.54079160475206,0.31984928834694043,0.0665827091581965,0.10227233339294912,3,C0002163_SEG_UNCOMP,0.80399,0.87273,1.32328
0.337,2.265,543.3552060752445,1591.3629110433408,2442.0423263494604,329.2544889708968,792.7017903507988,339.1265610673275,0.15906712703116893,0.06700310188919133,0.172841615588604,4,C0002163_SEG_UNCOMP,0.58966,1.07491,1.33544
0.2544,1.916,435.1912588873968,896.9340806934267,1498.7274319272608,214.76882685132708,441.1674105421668,255.06481377766679,0.20831145421916789,0.0906169796279977,0.14521359889158605,5,C0002163_SEG_UNCOMP,0.69655,0.96872,1.33474
0.185,1.492,352.69051060236256,402.71569426664917,867.0675052411545,140.05287071369935,223.63954529051136,146.9390093385721,0.29957410816526314,0.08012736029683183,0.13465422735596477,6,C0002163_SEG_UNCOMP,0.8336,0.92272,1.24368
