BVTV,DA,E1,E2,E3,Mu12,Mu23,Mu31,Nu12,Nu13,Nu23,ROI Number,Scan,m1,m2,m3
0.3197,2.028,709.1089266263488,871.9224114909649,2350.918649701767,310.52839448125417,519.6672334687504,428.3706050895855,0.283529659941258,0.0830197809792474,0.11007277732680551,1,C0002230_SEG_UNCOMP,0.72548,0.80337,1.47114
0.1968,1.936,295.79568159132947,347.4334834631598,1213.9190069222113,125.35205785245917,192.18530433406806,189.06518686672223,0.28252533271666,0.07302044778108403,0.07959440945144237,2,C0002230_SEG_UNCOMP,0.75559,0.78122,1.46319
0.3295,2.197,655.6963318684806,989.9863983785295,2449.9074482450987,319.8791803574203,617.7577282676011,421.2140789508254,0.2713201258226257,0.07718609890425834,0.11720384478912603,3,C0002230_SEG_UNCOMP,0.66969,0.8593,1.47101
0.2135,2.02,334.3361189459338,426.5026264124656,1228.4468681159137,132.32915412468844,264.95274347873203,207.49464746545814,0.25095027671572273,0.08495105067748421,0.10712046716552359,4,C0002230_SEG_UNCOMP,0.70931,0.85819,1.4325
0.2391,1.97,420.84978322668155,546.6016454439429,1630.334533582731,145.1900770924408,302.5945230730975,244.23895108763034,0.2118340982956592,0.07169896616421978,0.10311378376112283,5,C0002230_SEG_UNCOMP,0.7388,0.80567,1.45553
0.2543,2.329,346.4288442376569,730.6877689867188,1738.539866503387,175.99851062995907,429.52289986347984,245.14612658084692,0.20927743861196568,0.06593908469795359,0.11709830812366342,6,C0002230_SEG_UNCOMP,0.63145,0.89814,1.47041
