BVTV,DA,E1,E2,E3,Mu12,Mu23,Mu31,Nu12,Nu13,Nu23,ROI Number,Scan,m1,m2,m3
0.2037,2.315,233.61395702157427,383.9935427599007,1257.1638727694858,107.16425926492886,237.0689173572182,165.85410080937834,0.2211718859997894,0.06433341214318966,0.08422269135976367,1,C0002198_SEG_UNCOMP,0.65458,0.83021,1.51522
0.1008,1.833,92.7404023624862,161.86986065881612,487.8435725517831,53.21383996216646,99.79643764613849,59.56144335083924,0.22239772866934046,0.060300667680513856,0.08298877246337524,2,C0002198_SEG_UNCOMP,0.72379,0.9492,1.32701
0.2092,2.096,282.00256945688824,547.6717857569236,1296.0682768685415,148.20418402378274,301.60479900791125,166.16568555191805,0.22269243704049202,0.06138869856678576,0.11266928458782963,3,C0002198_SEG_UNCOMP,0.67821,0.90013,1.42166
0.1384,2.15,94.54030988899574,327.89456669901165,585.1617055453654,62.36595379134096,185.06774744214272,74.71933348001032,0.132225953535086,0.0725208671035752,0.13994458547014266,4,C0002198_SEG_UNCOMP,0.60815,1.08425,1.3076
0.157,1.957,204.65072481165126,369.5355044297771,906.6373584825216,99.69383909737331,196.35105929293715,108.75529336604116,0.19881684616402778,0.05534400669898123,0.10856804427077912,5,C0002198_SEG_UNCOMP,0.70049,0.92841,1.3711
0.175,2.3,169.44074598791244,404.6824827776904,979.1361307641315,79.41614112760296,241.010733409967,114.26674178282457,0.15608752685396898,0.05553719726872173,0.11836780029456186,6,C0002198_SEG_UNCOMP,0.6329,0.91172,1.45538
