BVTV,DA,E1,E2,E3,Mu12,Mu23,Mu31,Nu12,Nu13,Nu23,ROI Number,Scan,m1,m2,m3
0.2729,1.954,476.58589000627825,742.5767161312025,1755.306442488288,181.50804862019996,385.7281801454909,287.4610758644183,0.1994086584960278,0.08090217866048093,0.10901880038817284,1,C0002019_SEG_UNCOMP,0.72228,0.86623,1.41149
0.2194,1.812,292.3484824964136,350.83049469968364,1109.8483589831333,131.4807346465991,251.03713537667252,194.0868988775756,0.2775804545842793,0.07411055257324645,0.1049993593275942,2,C0002019_SEG_UNCOMP,0.76486,0.84912,1.38602
0.1653,1.87,139.29987702684946,205.8701819930908,692.7522774983694,71.38111168512545,140.72952121369264,96.57699686448515,0.22029407635424073,0.06047911815424713,0.09268960175326471,3,C0002019_SEG_UNCOMP,0.73725,0.88427,1.37847
0.3406,2.198,677.6140862435966,1307.340439009949,2378.855968727972,291.22170537734365,692.2740327509254,375.16981509677316,0.1870920721562472,0.08425623587353917,0.1548440759117444,4,C0002019_SEG_UNCOMP,0.64072,0.95107,1.40821
0.2872,2.123,446.608131894524,859.6324280147329,1847.756337056254,229.95559948029478,519.316222727671,282.7184055125563,0.22457039438877932,0.06655057180676238,0.14233436760445475,5,C0002019_SEG_UNCOMP,0.66742,0.91572,1.41686
0.2883,1.994,495.1461079660934,767.3232942846537,1838.7070032834758,242.81535731410958,444.8692631790602,310.7952313350459,0.26560332213286275,0.08017137212542114,0.11163376594482863,6,C0002019_SEG_UNCOMP,0.70819,0.87979,1.41202
