BVTV,DA,E1,E2,E3,Mu12,Mu23,Mu31,Nu12,Nu13,Nu23,ROI Number,Scan,m1,m2,m3
0.2043,2.061,232.76945189481154,419.15664149353216,1240.0328942470292,123.02548509070284,237.10576286115608,151.42967059111467,0.22520472222122215,0.05717573894534138,0.09045115782371897,1,C0001826_SEG_UNCOMP,0.69336,0.87781,1.42883
0.2971,2.114,461.6448185466617,1154.6152155079192,1981.0707196169765,267.137832133761,604.102267889888,295.79105129837154,0.17667566202515098,0.07231453641043648,0.1557645269832075,2,C0001826_SEG_UNCOMP,0.64531,0.99039,1.36431
0.2433,2.085,294.50429179282384,666.7557839765665,1483.9036178489816,170.98180182541702,393.58297270953744,205.18403623323587,0.20082807334089575,0.061422086372964854,0.12606142411539664,3,C0001826_SEG_UNCOMP,0.66076,0.96129,1.37795
0.1053,1.562,108.99701736679661,106.46942823748377,342.49482232557926,48.44515003390464,72.4334072006115,50.007260553897225,0.30184854404919587,0.06364043849081419,0.10809728575139158,4,C0001826_SEG_UNCOMP,0.82479,0.88651,1.2887
0.1512,1.905,171.1769158488864,256.48979380167265,740.8336968373935,67.1243202892927,153.31380360928475,94.04487263860418,0.20367357106485307,0.05371065253497869,0.11578532938651295,5,C0001826_SEG_UNCOMP,0.73897,0.85328,1.40775
0.1843,1.961,193.88900158581572,433.8295304402063,986.0946467664808,97.80257148904427,235.98724045155961,120.36517145106198,0.1871739776412553,0.06224318163298125,0.1162328761510618,6,C0001826_SEG_UNCOMP,0.69966,0.92808,1.37226
