BVTV,DA,E1,E2,E3,Mu12,Mu23,Mu31,Nu12,Nu13,Nu23,ROI Number,Scan,m1,m2,m3
0.285,2.296,441.96987810650785,1009.768086664113,1999.8341632141535,241.80501154397948,503.34290069818763,305.8717179591507,0.16451682067447637,0.07540286203220661,0.12682026177438324,1,C0002210_SEG_UNCOMP,0.62791,0.93013,1.44197
0.0924,1.756,57.34510117391796,125.41495608376258,273.2155844132694,33.222286200125666,81.23540506969266,38.55507063457713,0.15490042193616269,0.06708124128975122,0.13971646044997912,2,C0002210_SEG_UNCOMP,0.7295,0.9895,1.281
0.229,2.09,286.0576564317981,806.0025263759854,1435.184602298153,175.95915691343234,434.03310937217054,183.66795163173225,0.176325162466038,0.06704386983457751,0.1494472840863459,3,C0002210_SEG_UNCOMP,0.64844,0.99646,1.35509
0.2298,2.107,299.9123297004222,624.4477999400439,1438.5017220194618,158.7679544936297,290.4925232470511,207.4911323692174,0.1924421359923064,0.07581387422901986,0.09185167612187849,4,C0002210_SEG_UNCOMP,0.66642,0.92923,1.40435
0.2226,2.202,233.23878571903356,783.8905897142367,1267.902085167021,161.87223825135135,452.1734891765983,182.86990410475312,0.13873079918074455,0.06832206154543304,0.18924218119232034,5,C0002210_SEG_UNCOMP,0.61657,1.02568,1.35775
0.1386,2.096,104.25039307937047,283.47432640300605,614.8460264459977,65.81882639974384,198.77243862267443,69.4708759506365,0.17689869581572726,0.048253421685808214,0.1571014663624907,6,C0002210_SEG_UNCOMP,0.63061,1.04764,1.32176
