BVTV,DA,E1,E2,E3,Mu12,Mu23,Mu31,Nu12,Nu13,Nu23,ROI Number,Scan,m1,m2,m3
0.2196,1.923,287.895840623221,470.1690647715677,1140.2480111482778,151.81538440631238,289.3111443771234,177.9025748104496,0.2440807235024419,0.06670436865293716,0.12530321844269815,1,C0001971_SEG_UNCOMP,0.71959,0.8968,1.38362
0.2828,2.076,425.2956936007651,1136.6404103143686,1677.2136594384629,257.1194509519446,587.83149755595,276.34166078989404,0.17666386806097822,0.09348876097301066,0.17697834693390124,2,C0001971_SEG_UNCOMP,0.61933,1.09467,1.286
0.2457,2.065,322.34112942067907,706.1778448141732,1466.085150950606,197.0023466288827,413.23420206480284,204.3928477263567,0.22974232464421881,0.062045038716058404,0.13394573370241156,3,C0001971_SEG_UNCOMP,0.65741,0.98532,1.35727
0.1458,1.913,87.6295115227868,220.76635020192927,556.4763654910682,58.33129081011794,131.27947837839747,62.62367262682968,0.19358742187844724,0.04125705914926545,0.11715252029443704,4,C0001971_SEG_UNCOMP,0.69533,0.97478,1.32989
0.2243,1.892,286.01550247282114,614.332314545231,1116.527077273938,164.68643951657958,357.0394291670633,170.63932078967244,0.1921927872330149,0.0771045617145523,0.16261921525405273,5,C0001971_SEG_UNCOMP,0.69118,1.00077,1.30805
0.1574,1.639,175.67880482323372,223.22739708953395,587.7504910387194,73.71693431875377,135.7898753147921,105.15419309238193,0.23322425738347397,0.09644592934429928,0.11896466846650126,6,C0001971_SEG_UNCOMP,0.8016,0.88488,1.31351
