BVTV,DA,E1,E2,E3,Mu12,Mu23,Mu31,Nu12,Nu13,Nu23,ROI Number,Scan,m1,m2,m3
0.2622,2.207,309.912092604188,914.19428012429,1525.503402671251,203.76723971110573,518.1166331957006,228.88705927349855,0.16359581075357219,0.0779117369833414,0.1662706219416684,1,C0002058_SEG_UNCOMP,0.59888,1.07936,1.32175
0.2081,2.185,207.05137865716728,509.992578599102,1108.4233694122313,122.69219119935609,326.0116512791326,164.88432974463154,0.18913430597529005,0.07006321468431106,0.14034707980384192,2,C0002058_SEG_UNCOMP,0.64331,0.95092,1.40577
0.28,2.265,379.0639946326296,961.1824381001669,1870.5461288353772,259.44763486411716,573.9510837116527,287.2966433779647,0.2218619397379222,0.068487659665618,0.13929037865945862,3,C0002058_SEG_UNCOMP,0.60844,1.01322,1.37834
0.2433,2.357,326.82075808644817,584.3124413002239,1620.5507923667844,196.6093449873981,373.2825657893362,231.52588638167109,0.247176386149788,0.06337223037042547,0.09703000147702705,4,C0002058_SEG_UNCOMP,0.61677,0.92956,1.45367
0.2887,2.341,413.6900034893503,820.9948041298284,2013.6239535735326,241.4379330973166,517.0662001540915,290.72169030629664,0.22628526137855826,0.06168234375949953,0.1158379410608972,5,C0002058_SEG_UNCOMP,0.62383,0.91594,1.46023
0.2023,2.682,136.35306559996062,558.3494495827886,1210.3073747794372,120.94410555627327,350.49429133307297,124.80168218703658,0.16438274300589148,0.048364907698899236,0.12275072595280248,6,C0002058_SEG_UNCOMP,0.52768,1.05731,1.415
