BVTV,DA,E1,E2,E3,Mu12,Mu23,Mu31,Nu12,Nu13,Nu23,ROI Number,Scan,m1,m2,m3
0.1143,2.012,45.62718235661255,104.15610031021889,345.9064064925389,26.536709025645337,64.09802128002936,32.64643308648428,0.13870568508539916,0.040851331852840685,0.07736079737689615,4,C0002156_SEG_UNCOMP,0.66945,0.98392,1.34663
