BVTV,DA,E1,E2,E3,Mu12,Mu23,Mu31,Nu12,Nu13,Nu23,ROI Number,Scan,m1,m2,m3
0.2526,1.834,271.46079755272723,427.25289750776386,1076.8886631778594,143.9954120449289,271.55228222021793,182.09014060037785,0.2230882255730359,0.08051364570512615,0.11135032690850076,1,C0001406_SEG_UNCOMP,0.71845,0.96393,1.31762
0.2643,1.771,266.87166624967153,431.5816571102368,1075.2352177901955,143.81061147674208,275.10049277277034,179.21162458729037,0.2200106412726655,0.07814667623948705,0.1147283459872908,2,C0001406_SEG_UNCOMP,0.73888,0.95242,1.3087
0.259,1.798,385.06681016182984,333.4035454867354,1112.9118132801282,137.7329293436823,220.2035127291022,221.64451573567513,0.27741873217845786,0.09991246945524802,0.08512809995645879,3,C0001406_SEG_UNCOMP,0.69728,1.04929,1.25342
0.1716,1.788,440.7649071676319,273.37479862178157,1022.9941453069715,147.11567591315682,198.98985410007623,266.03344437954166,0.3402889289742725,0.12541576833286344,0.08753839940209741,4,C0001406_SEG_UNCOMP,0.71489,1.00715,1.27796
0.255,1.786,260.18555251480547,440.1434064055991,1091.9327960707494,143.10213074820143,273.0773736411494,174.92904911728064,0.2187424190582242,0.07305248316256552,0.11224185875676296,5,C0001406_SEG_UNCOMP,0.7362,0.94912,1.31468
0.2149,1.912,268.73000083364946,435.23055206949107,1066.1463876053658,144.38376650915285,281.38290707418287,173.74992496742394,0.21596112032887296,0.07440419275988427,0.1232948520416133,6,C0001406_SEG_UNCOMP,0.66337,1.06818,1.26844
