BVTV,DA,E1,E2,E3,Mu12,Mu23,Mu31,Nu12,Nu13,Nu23,ROI Number,Scan,m1,m2,m3
0.3491,2.132,484.85352968335616,1398.7901390429436,2220.1407324900374,288.3176089278719,740.04628703799,316.3233143552212,0.15232902211175195,0.06960379539570963,0.1646194106606924,1,C0001954_SEG_UNCOMP,0.62128,1.05441,1.32431
0.397,2.181,650.6520760901925,1649.065701253656,2798.3981896770892,420.78800435386967,872.2033009756012,451.4722279548816,0.18600986602133876,0.07616770169935817,0.15340316277594684,2,C0001954_SEG_UNCOMP,0.62113,1.02387,1.35499
0.1974,1.865,218.88686596747132,306.8682308391024,885.5383904895776,112.16596613751798,186.25529885461344,137.4175128422339,0.27248981809463607,0.06408686108994228,0.0997017204902425,3,C0001954_SEG_UNCOMP,0.74207,0.87391,1.38401
0.3185,2.099,407.29080486753367,1081.5045804174754,2015.411630480682,255.7432657888153,632.2567727817551,289.1424502493489,0.18001484031408266,0.06285016524978522,0.15202058907514526,4,C0001954_SEG_UNCOMP,0.65617,0.9665,1.37732
0.3721,2.17,533.0810506746658,1699.3698588176949,2492.40439979805,339.51056475573955,862.3491688175069,377.6177391434896,0.1332095342666365,0.07348750552623852,0.18480999697718803,5,C0001954_SEG_UNCOMP,0.61374,1.05432,1.33194
0.3295,1.941,589.347693882361,1067.5038393161533,2123.550815213967,286.13359806592575,541.5903027102052,350.8979935661053,0.19915071015828203,0.08314854043349544,0.12356956789574164,6,C0001954_SEG_UNCOMP,0.71416,0.8994,1.38644
