BVTV,DA,E1,E2,E3,Mu12,Mu23,Mu31,Nu12,Nu13,Nu23,ROI Number,Scan,m1,m2,m3
0.2152,1.915,272.87944664712535,426.89369192014505,1084.5212687025746,144.05727157724667,275.3060113224855,175.08840084032403,0.22234370590514618,0.07412894597061959,0.11647766758098287,1,C0001406_SEG_UNCOMP,0.6583,1.08107,1.26062
0.1363,1.678,382.225633160837,354.1558305067189,1032.1232527664556,140.42878013203708,245.87937654081176,216.8435135725445,0.24844587473239038,0.10403821649800882,0.11345958998886205,2,C0001406_SEG_UNCOMP,0.73725,1.02583,1.23692
0.1801,1.531,428.3828847750579,305.8916907563556,1018.8675892541963,142.60931796722252,224.19520944397715,241.10406533229025,0.28884034499648187,0.1135290822907954,0.10669570283480405,3,C0001406_SEG_UNCOMP,0.83216,0.8938,1.27404
0.1989,1.644,435.6778255704341,283.06051067461226,1118.7318304846642,137.00571603905837,188.54623811367065,250.5876281491099,0.32933322502863505,0.11100691773214152,0.07030687905928754,4,C0001406_SEG_UNCOMP,0.75473,1.00443,1.24084
0.1927,1.705,443.42935575532636,273.98100198842087,1113.8707665836223,137.96288072845718,183.91266706634752,256.15175494262587,0.3435197980042891,0.11207317460378552,0.06931955103376126,5,C0001406_SEG_UNCOMP,0.75295,0.9636,1.28346
0.1446,1.747,322.57918423196,382.6759173274658,1092.594423663289,141.48233650078333,250.58527256351246,199.0759320148782,0.24582151468281155,0.09043901191811803,0.09946897785694456,6,C0001406_SEG_UNCOMP,0.72166,1.01785,1.2605
