BVTV,DA,E1,E2,E3,Mu12,Mu23,Mu31,Nu12,Nu13,Nu23,ROI Number,Scan,m1,m2,m3
0.2087,2.225,249.49701829324934,656.3936499347056,1226.4540087614735,127.83554253676397,332.63438908908284,166.25965508831072,0.1369188052663969,0.06839005087693385,0.13862818868292467,1,C0001702_SEG_UNCOMP,0.63901,0.93944,1.42155
0.229,2.277,235.59983817067916,624.7976260763181,1360.5411257325163,134.20527870131636,362.2770785450987,187.54945334645836,0.17200437631256474,0.06718115998020055,0.1258869364553595,2,C0001702_SEG_UNCOMP,0.63318,0.92504,1.44178
0.1657,2.048,162.20693493183046,272.07236968235316,852.7021314315705,80.42287920551779,171.169692149673,120.21173547152796,0.2314960431218958,0.06886493562850722,0.09017156824098767,3,C0001702_SEG_UNCOMP,0.69415,0.88451,1.42134
0.1832,2.162,185.8972424312498,282.95710909217667,1012.3539265016395,91.57022384074573,183.96065413496086,131.27570295690995,0.24825356532676782,0.06349670255355681,0.07451313224014075,4,C0001702_SEG_UNCOMP,0.67996,0.84998,1.47007
0.1677,2.113,155.00366357033488,275.4477682156102,880.6967174714442,78.95794578473176,171.649180605247,113.02413755431888,0.20351307836482008,0.062209183841924566,0.09118257597585118,5,C0001702_SEG_UNCOMP,0.68661,0.86243,1.45096
0.2623,2.225,312.41758735447814,1003.5290900560414,1494.3440647135187,216.21280606357638,526.8572821703035,220.39017062081516,0.16974468782411936,0.07819495338228297,0.17542730621759473,6,C0001702_SEG_UNCOMP,0.57868,1.1339,1.28742
