BVTV,DA,E1,E2,E3,Mu12,Mu23,Mu31,Nu12,Nu13,Nu23,ROI Number,Scan,m1,m2,m3
0.2999,1.981,578.0620999683738,693.2715979897116,1995.262457164343,285.40524409913684,457.31861875851143,389.04690307655466,0.32426769553836643,0.08618576204037853,0.10138601222390872,1,C0001944_SEG_UNCOMP,0.72621,0.83515,1.43864
0.3608,2.327,636.8323006274005,1459.5929962058826,2593.049002404726,352.9862635188624,767.8913743855902,415.24150589087054,0.1908338797200023,0.0798964498968543,0.1509972962657517,2,C0001944_SEG_UNCOMP,0.61729,0.94647,1.43624
0.2767,2.186,331.6383240792435,730.9682879670175,1649.5490087247972,183.235067548304,446.95347923009933,229.73590544422996,0.21361298262495082,0.062193587584828465,0.12341251731124118,3,C0001944_SEG_UNCOMP,0.64237,0.95351,1.40412
0.2163,2.364,175.0927907404857,444.8752877434532,1260.7679653889836,110.85464141157955,271.9585901265028,133.58639799468102,0.19307778346053941,0.04734888331087934,0.09645625789805866,4,C0001944_SEG_UNCOMP,0.60937,0.95011,1.44052
0.1987,2.175,175.36725534301843,394.8942373147994,1061.1759743272128,113.66102405078007,258.03462319675333,130.56667339067926,0.22132881681130062,0.05042841863834735,0.10799816840467347,5,C0001944_SEG_UNCOMP,0.64276,0.95913,1.39811
0.2776,2.259,339.161995418884,805.5532539287401,1779.1980995948238,180.21308523072784,458.6614450137411,231.4949428871389,0.1756498766546287,0.05877760769299635,0.12734182774590563,6,C0001944_SEG_UNCOMP,0.63583,0.92771,1.43646
