BVTV,DA,E1,E2,E3,Mu12,Mu23,Mu31,Nu12,Nu13,Nu23,ROI Number,Scan,m1,m2,m3
0.2964,2.045,550.9254694140116,879.5857008734625,1863.1788441731685,221.94154833435675,451.6921647323703,318.8038841103916,0.20187689482234086,0.09365257517642235,0.12195071087830256,1,C0002028_SEG_UNCOMP,0.69268,0.89067,1.41665
0.2067,1.916,263.92089055785107,322.01332717147943,1178.240024929645,128.34102071311804,206.93919229482117,161.48658901560765,0.2931048032388301,0.05938335193873618,0.08401196102304795,2,C0002028_SEG_UNCOMP,0.74052,0.84068,1.4188
0.2669,2.22,348.2194438529004,579.02943557752,1744.3379944339636,188.1655997655457,390.12340024202996,233.8777940337342,0.24507889536952673,0.055726830618271675,0.1079436959211971,3,C0002028_SEG_UNCOMP,0.65563,0.88894,1.45543
0.2519,2.085,320.5079555036285,466.5962428548986,1585.6172007616774,170.08332061121254,318.3239590833986,227.24119579963565,0.2687616107888505,0.05597562137643559,0.09679643442907213,4,C0002028_SEG_UNCOMP,0.69623,0.85187,1.45191
0.2477,1.961,307.62775436988954,807.5153502036493,1250.9849816877615,198.42785433646182,448.6354074628734,206.00026031859127,0.17001372459949946,0.09095631398255329,0.17468085510122913,5,C0002028_SEG_UNCOMP,0.65864,1.04949,1.29187
0.3163,1.927,655.0352616197987,1033.8624195744464,2119.5242340229634,293.0713561629605,512.8882469114521,375.29753338540013,0.22191243835620378,0.09143183700371726,0.12110220005613959,6,C0002028_SEG_UNCOMP,0.72291,0.88441,1.39269
