BVTV,DA,E1,E2,E3,Mu12,Mu23,Mu31,Nu12,Nu13,Nu23,ROI Number,Scan,m1,m2,m3
0.3295,2.065,769.8770628966537,1045.1429755237484,2416.0810094677267,343.5388207209871,599.7416601393047,469.76429236015395,0.2642802813528121,0.09617988707338329,0.11599297612131305,1,C0002003_SEG_UNCOMP,0.70521,0.83838,1.45641
0.293,1.902,625.6006973371839,889.1563871350709,1844.913985267447,289.39263143931396,520.2563029675388,352.7773148301601,0.26476033369710106,0.09538907816270432,0.14522568840756822,2,C0002003_SEG_UNCOMP,0.72499,0.89604,1.37897
0.3647,2.03,895.2129997071365,1172.3499415022807,2687.854519787453,384.9329548865708,682.4444273411765,553.8277417219257,0.2848613606099127,0.09869096292727803,0.1230143637508565,3,C0002003_SEG_UNCOMP,0.71802,0.82461,1.45737
0.274,1.932,540.8790982553105,745.3518780294248,1698.5551788984505,227.73450485913293,444.51808305693197,349.95360102456584,0.2693377741998662,0.1058801766632434,0.11940041214119256,4,C0002003_SEG_UNCOMP,0.72795,0.86593,1.40612
0.25,2.006,409.9221162004376,621.6434790465183,1437.4195360456763,191.04156303187767,382.9287905926975,272.14441253918653,0.26664765822474745,0.09328398925165955,0.12284314494464968,5,C0002003_SEG_UNCOMP,0.70796,0.87217,1.41986
0.2466,1.765,463.125746627008,601.0369738034555,1402.3096370251294,201.11062171365623,369.70864470818793,282.18071940013544,0.2741417363867788,0.10154026724971081,0.12921403469652037,6,C0002003_SEG_UNCOMP,0.7662,0.88162,1.35218
