BVTV,DA,E1,E2,E3,Mu12,Mu23,Mu31,Nu12,Nu13,Nu23,ROI Number,Scan,m1,m2,m3
0.2682,1.926,437.33311526517724,734.2372290935996,1559.4336212861256,201.98381828140612,385.5146675337416,275.32249027925843,0.21717499566770676,0.09085488200730363,0.11543443152889284,1,C0001986_SEG_UNCOMP,0.71782,0.89937,1.3828
0.3523,2.225,534.9781252019588,1721.3242942667955,2391.0559039752325,354.7245872093621,861.8043864945064,375.41941923527423,0.14147594957215032,0.07909551207914281,0.18956176200872848,2,C0001986_SEG_UNCOMP,0.59749,1.07332,1.32919
0.2527,2.076,359.88179500901606,790.5207845762457,1489.4561726424906,174.39412294706173,424.21461153922183,222.86185933993616,0.17292876874511462,0.07997081702231934,0.1355232734963137,3,C0001986_SEG_UNCOMP,0.66119,0.96645,1.37236
0.2339,1.977,327.9553803188902,649.28603021685,1318.8326750932263,157.79680415178484,325.51424343136716,213.3164794056821,0.19917982990618796,0.08186278368666572,0.11748589937217933,4,C0001986_SEG_UNCOMP,0.69906,0.91913,1.38181
0.1829,1.82,234.55660633899123,309.4286600634741,856.2237249027039,96.157870236199,173.58388678706385,153.0955919544408,0.23606546036826365,0.08836513230920567,0.08151223475682744,5,C0001986_SEG_UNCOMP,0.76005,0.85702,1.38293
0.2743,2.147,356.9339683383755,1072.5286418825367,1670.4638442031555,232.4122536020139,575.1315882185838,255.3833770902792,0.1595183727755656,0.07774970632874344,0.17059369285819745,6,C0001986_SEG_UNCOMP,0.61619,1.06115,1.32266
