BVTV,DA,E1,E2,E3,Mu12,Mu23,Mu31,Nu12,Nu13,Nu23,ROI Number,Scan,m1,m2,m3
0.2612,2.398,394.87847829448066,822.7921435881884,1769.5354628556543,199.64178164704254,471.48276972474093,286.5572028047074,0.20074518219484577,0.07896763033036246,0.12442062301293717,1,C0002008_SEG_UNCOMP,0.62575,0.87348,1.50077
0.3122,2.289,584.9473965302608,1238.894515768436,2175.1068265679846,299.75579747795217,673.3575324981838,389.7049508495912,0.18060385931572326,0.0920197254740522,0.1545923040580078,2,C0002008_SEG_UNCOMP,0.63169,0.9226,1.44571
0.1086,2.156,77.10243232139318,135.52999290318965,409.7578898686197,36.6446408495439,110.547714334955,50.76377244494379,0.18071301294716763,0.06137645085973334,0.11172122841063524,3,C0002008_SEG_UNCOMP,0.65658,0.92755,1.41587
0.2035,2.599,192.41130262995864,586.4365760914138,1267.407330536371,126.9292841635102,344.0146067049738,163.62195652375362,0.15816481852381573,0.05676524858698478,0.12201784432206808,4,C0002008_SEG_UNCOMP,0.57625,0.9263,1.49746
0.2208,2.433,311.7745216528915,593.0163374437807,1445.7793581900814,131.09875331148677,333.05401534920105,214.27223189317382,0.1944165929867149,0.0767309004144948,0.10328560630578325,5,C0002008_SEG_UNCOMP,0.62844,0.84237,1.52919
0.1324,2.099,95.98005719120187,221.69787960181907,580.2897958820577,53.41504036161515,150.21360368224055,81.93344142051146,0.1803828524052704,0.06448674743397965,0.11456171417599557,6,C0002008_SEG_UNCOMP,0.68409,0.87995,1.43597
