BVTV,DA,E1,E2,E3,Mu12,Mu23,Mu31,Nu12,Nu13,Nu23,ROI Number,Scan,m1,m2,m3
0.2779,1.966,372.13775876821154,822.5100191475487,1523.9812180828499,184.07019714754006,443.2489763696943,227.08365582847333,0.1721800497925638,0.07599481898443637,0.15058815502761802,1,C0001753_SEG_UNCOMP,0.67989,0.98375,1.33636
0.2802,2.072,397.31739438268903,825.3341706017877,1833.4522516963657,218.80165855199837,482.4543987795721,268.8347876306523,0.20976409318495268,0.07092069061167842,0.12393448863674733,2,C0001753_SEG_UNCOMP,0.66728,0.94989,1.38283
0.292,2.091,391.46649583390746,967.7203824224298,1655.9573147492824,196.36200555603318,506.7657596754446,235.72756044838238,0.1605450054796395,0.07423722473918416,0.15644316874568373,3,C0001753_SEG_UNCOMP,0.64709,0.99977,1.35315
0.3955,2.318,706.8070571333348,2039.9373255054552,2892.1663879957805,426.58236348752223,1023.9438875224274,461.19455946982754,0.1582892764435679,0.085864666899108,0.1863189554780445,4,C0001753_SEG_UNCOMP,0.57594,1.08922,1.33484
0.2096,1.723,264.2442852131379,359.39125591842753,934.7314588032524,115.9702351869123,208.893206932882,176.91067905174708,0.22511102433545935,0.09882933333367999,0.10689388268271846,5,C0001753_SEG_UNCOMP,0.77761,0.88262,1.33977
0.3526,2.09,582.6188269861391,1567.8135563736832,2306.032051798173,378.07954095270424,821.9699678223271,396.43922988283583,0.16548624543999474,0.08440613366098572,0.19008527432426484,6,C0001753_SEG_UNCOMP,0.63155,1.04869,1.31976
