BVTV,DA,E1,E2,E3,Mu12,Mu23,Mu31,Nu12,Nu13,Nu23,ROI Number,Scan,m1,m2,m3
0.2612,2.398,394.87847829448066,822.7921435881883,1769.5354628556543,199.64178164704254,471.48276972474093,286.5572028047074,0.20074518219484577,0.07896763033036247,0.12442062301293717,1,C0002008_SEG_UNCOMP,0.62575,0.87348,1.50077
0.3122,2.289,584.9473965302607,1238.8945157684357,2175.1068265679846,299.75579747795217,673.3575324981839,389.70495084959117,0.18060385931572326,0.09201972547405217,0.15459230405800786,2,C0002008_SEG_UNCOMP,0.63169,0.9226,1.44571
0.1086,2.156,77.10243232139317,135.52999290318965,409.7578898686197,36.6446408495439,110.547714334955,50.76377244494379,0.18071301294716766,0.06137645085973336,0.11172122841063523,3,C0002008_SEG_UNCOMP,0.65658,0.92755,1.41587
0.2035,2.599,192.41130262995867,586.4365760914138,1267.4073305363713,126.92928416351018,344.0146067049738,163.62195652375362,0.15816481852381575,0.0567652485869848,0.12201784432206811,4,C0002008_SEG_UNCOMP,0.57625,0.9263,1.49746
0.2208,2.433,311.7745216528915,593.0163374437807,1445.7793581900814,131.09875331148677,333.054015349201,214.27223189317382,0.1944165929867149,0.07673090041449482,0.10328560630578325,5,C0002008_SEG_UNCOMP,0.62844,0.84237,1.52919
0.1324,2.099,95.98005719120188,221.697879601819,580.2897958820575,53.41504036161515,150.21360368224055,81.93344142051144,0.18038285240527044,0.06448674743397967,0.11456171417599555,6,C0002008_SEG_UNCOMP,0.68409,0.87995,1.43597
