BVTV,DA,E1,E2,E3,Mu12,Mu23,Mu31,Nu12,Nu13,Nu23,ROI Number,Scan,m1,m2,m3
0.156,1.962,451.1822973107417,263.2640152678627,1068.5941972664593,142.3378231985585,186.31179428158035,266.5493633764418,0.3599077393134646,0.11414443760330684,0.07986024404454511,1,C0001415_SEG_UNCOMP,0.66111,1.04199,1.2969
0.2162,2.002,428.74956350349447,283.03793918462765,1074.0456465161833,140.75704898967746,193.4180819049223,260.396173440373,0.3257735508932893,0.12278670721914203,0.0750244084928164,2,C0001415_SEG_UNCOMP,0.67022,0.98823,1.34155
0.264,1.962,411.3997929734945,304.18858355317235,1119.5221262292719,136.8417074383736,201.72741613744552,238.93362611897766,0.3055432051623949,0.10689868371049789,0.075257053272614,3,C0001415_SEG_UNCOMP,0.67672,0.99561,1.32767
0.3025,1.911,443.67640377739355,271.1018996457083,1072.1875680885942,140.06014080390437,187.59444232157003,266.3998639786004,0.3419995398765134,0.11984978862033574,0.07683521503776525,4,C0001415_SEG_UNCOMP,0.67396,1.03801,1.28803
0.1131,1.677,322.62947556657514,388.501945426071,1092.0806977483755,141.09077682186546,255.56375592350093,192.7422125839327,0.23991665005605245,0.08579449213689914,0.10535105712660922,5,C0001415_SEG_UNCOMP,0.77115,0.93555,1.2933
0.1708,1.661,448.9952191245287,255.1259600057673,1055.4313279635735,145.0742259999563,180.1636499904855,277.58276782687796,0.3674777517394929,0.12593575604693102,0.07472742246893277,6,C0001415_SEG_UNCOMP,0.78224,0.91838,1.29938
