BVTV,DA,E1,E2,E3,Mu12,Mu23,Mu31,Nu12,Nu13,Nu23,ROI Number,Scan,m1,m2,m3
0.1573,2.103,87.45763092982612,217.41928808929478,609.8463556929299,49.37755686965844,129.381823996486,65.0900135175735,0.15173724845815992,0.04745046425135158,0.10807092256997793,1,C0001648_SEG_UNCOMP,0.65834,0.95711,1.38455
0.2181,1.983,212.67617053638816,400.73175828373337,1104.3055836716587,124.80697466838627,263.5251841126935,157.58075270434426,0.22260822190247792,0.05971692049397077,0.10920396115723678,2,C0001648_SEG_UNCOMP,0.69494,0.92716,1.3779
0.1655,2.163,97.39790072645313,266.3941453917971,722.1122094508872,55.79621562958476,161.48423869217834,70.05954562702632,0.14304849383059878,0.05109979670863433,0.10694476489506675,3,C0001648_SEG_UNCOMP,0.6388,0.97965,1.38154
0.1726,1.859,133.77938541350883,269.8860926299946,639.2342689313178,58.467111311466375,152.02754217144854,91.21454054460504,0.12255553882319895,0.07901250509211745,0.12332327520348484,4,C0001648_SEG_UNCOMP,0.72181,0.93627,1.34192
0.1587,2.185,108.68000510932775,219.9830445136013,658.3935995235134,51.17809934753498,127.86614128782533,65.82167001728602,0.159586520015586,0.04715382609086557,0.09393667986512422,5,C0001648_SEG_UNCOMP,0.65143,0.92521,1.42336
0.1492,2.029,76.89968994637616,213.50519746092183,565.4806746938278,58.85853125538467,150.3266610380831,68.14449336672325,0.17227456912321584,0.04967425983993271,0.1241096642522498,6,C0001648_SEG_UNCOMP,0.66264,0.99263,1.34473
