BVTV,DA,E1,E2,E3,Mu12,Mu23,Mu31,Nu12,Nu13,Nu23,ROI Number,Scan,m1,m2,m3
0.2818,1.762,645.3618933127113,896.8406713482581,1889.5222773522112,275.342270912955,398.06990811449197,339.66528268829694,0.22654584275190467,0.09954552119284779,0.10604817103611602,1,C0001585_SEG_UNCOMP,0.77111,0.87003,1.35886
0.1937,2.18,275.6716564039523,467.3868363961886,1131.3391265142616,128.1764019040964,309.23505686796227,148.86717028481482,0.2425913107179541,0.059349501701778315,0.12824363892623364,2,C0001585_SEG_UNCOMP,0.65051,0.93154,1.41795
0.2421,2.051,301.94812989464856,734.1016089441318,1395.8371676547185,184.34577069841913,444.1212102359504,207.6892897426437,0.19349423248855335,0.06851151259647155,0.156540881945661,3,C0001585_SEG_UNCOMP,0.65755,0.99412,1.34833
0.1293,2.076,167.30269378204088,222.88527848336437,698.7274948196851,52.9735019711479,150.29500408569837,83.83471050073425,0.21771787660070174,0.05998625991419262,0.10741633949724438,4,C0001585_SEG_UNCOMP,0.68831,0.88279,1.4289
0.2672,1.84,599.5748538741423,721.1175915185753,1784.8386033628392,294.90564750004705,375.8485563557559,334.79135541994924,0.31291551109910015,0.08638798190607179,0.1040030769421034,5,C0001585_SEG_UNCOMP,0.76212,0.8354,1.40248
0.2062,2.172,244.55294557591202,606.2485537176768,1248.7749983492558,136.91542252124515,367.97756371939647,161.65026229722628,0.18080882563838846,0.06358220865224366,0.14278114904236341,6,C0001585_SEG_UNCOMP,0.64083,0.96729,1.39188
