BVTV,DA,E1,E2,E3,Mu12,Mu23,Mu31,Nu12,Nu13,Nu23,ROI Number,Scan,m1,m2,m3
0.2433,1.951,367.34768055670486,585.1930457848927,1498.7897152228948,176.6656624718738,303.71514766815216,248.83308016450556,0.2168205719566556,0.07775096040893059,0.09502405192918412,1,C0001667_SEG_UNCOMP,0.72662,0.8556,1.41777
0.1489,1.776,151.6971802252471,183.70564043022034,567.3237586109375,68.06903003917772,115.77032600695117,96.45548987060498,0.29784052232298114,0.08334350087311665,0.08908127259756064,2,C0001667_SEG_UNCOMP,0.77108,0.85924,1.36968
0.1361,1.864,141.5704307160507,283.9019492781677,607.7788345171729,75.26937259769552,173.92333003229388,97.50429243942577,0.17499335253615908,0.07414411919569781,0.13681255723864846,3,C0001667_SEG_UNCOMP,0.72573,0.92175,1.35251
0.111,1.782,93.08539229019064,133.65774755737138,403.6995359943146,38.901885991481834,90.76866454176847,45.73798263697191,0.22506398065959812,0.05142958715666791,0.11340216278640759,4,C0001667_SEG_UNCOMP,0.74891,0.91672,1.33437
0.256,1.779,479.18063314302856,658.7216231626536,1591.5243478341304,220.31133051622157,332.2152946948965,293.0829505495183,0.2475113791533889,0.09413715727377119,0.09589247453595018,5,C0001667_SEG_UNCOMP,0.77584,0.84383,1.38033
0.2108,1.84,284.08846911971193,578.9440247418623,1202.805624645765,140.9936509108791,263.65087804795695,171.10386281090305,0.19004585630800302,0.07333832952439431,0.10358979423147904,6,C0001667_SEG_UNCOMP,0.72126,0.95193,1.32681
