Slope,Interception,RValue,PValue,Standard Error,RSquare,RSquareAdj,Relative Norm Error,Rel Norm Error Std
0.9236720846828015,-0.5258971524512477,0.9717718033370166,0.0,0.004128691281166526,0.9438831354843085,0.9438260287700795,0.042395008949581,0.018970066141188062
