Slope,Interception,RValue,PValue,Standard Error,RSquare,RSquareAdj,Relative Norm Error,Rel Norm Error Std
0.9417256624650249,0.3263108751989492,0.9704173972970013,0.0,0.004883267094002688,0.941709707524507,0.9415828792118971,0.041463698669394124,0.0225760427342525
