Slope,Interception,RValue,PValue,Standard Error,RSquare,RSquareAdj,Relative Norm Error,Rel Norm Error Std
0.8125438337244947,-1.2673697783515934,0.947291738113299,0.0,0.005727501977475473,0.8893412175850162,0.8891968800427358,0.059241955386850405,0.07285401127961366
