Slope,Interception,RValue,PValue,Standard Error,RSquare,RSquareAdj,Relative Norm Error,Rel Norm Error Std
0.9543562888978528,-0.30765991574305573,0.9656960364456989,0.0,0.005348694132388363,0.9320565827044537,0.9319087510741326,0.05105004578347067,0.029065443655402225
