Slope,Interception,RValue,PValue,Standard Error,RSquare,RSquareAdj,Relative Norm Error,Rel Norm Error Std
0.734124510198869,1.4300929227423946,0.9276747431765929,0.0,0.006325698510228478,0.8419985647653616,0.8417811315976076,0.07417450694022963,0.1443058989746867
