Slope,Interception,RValue,PValue,Standard Error,RSquare,RSquareAdj,Relative Norm Error,Rel Norm Error Std
0.944758244313457,0.297959581530967,0.9719423323077884,0.0,0.004894695822977083,0.9446717261514591,0.9445447099121373,0.048648586892638124,0.04775596091290753
