Slope,Interception,RValue,PValue,Standard Error,RSquare,RSquareAdj,Relative Norm Error,Rel Norm Error Std
0.7761529085645422,1.2089964088949943,0.9587414636903743,0.0,0.004926787975992701,0.8969282255138029,0.8967863836223082,0.06476657654836797,0.08018632123912298
