Slope,Interception,RValue,PValue,Standard Error,RSquare,RSquareAdj,Relative Norm Error,Rel Norm Error Std
0.8358194820148868,-1.1262381505669374,0.9645895427575384,0.0,0.004892651120585293,0.9208076450857176,0.9206986647807897,0.05240123119542462,0.03500943435024462
