Slope,Interception,RValue,PValue,Standard Error,RSquare,RSquareAdj,Relative Norm Error,Rel Norm Error Std
0.7779853566674634,1.1784739515093827,0.9613637852109636,0.0,0.004643092832764428,0.9010822076776962,0.9009531844703192,0.06907471034081081,0.08139734575221103
