Slope,Interception,RValue,PValue,Standard Error,RSquare,RSquareAdj,Relative Norm Error,Rel Norm Error Std
0.9202766603170287,-0.5510928565129669,0.9591087218824838,0.0,0.003891622435569435,0.9134530237889514,0.9133643122512197,0.04458913959223075,0.05000237377770634
