Slope,Interception,RValue,PValue,Standard Error,RSquare,RSquareAdj,Relative Norm Error,Rel Norm Error Std
0.9380704662133936,-0.4225487197100346,0.9581296562888492,0.0,0.0030163280020648353,0.91756881293463,0.9175210765511083,0.05421938117807973,0.09041808971277718
