Slope,Interception,RValue,PValue,Standard Error,RSquare,RSquareAdj,Relative Norm Error,Rel Norm Error Std
0.8465759454882499,-1.062408243454664,0.9376159189579218,2.992102059847817e-133,0.018562166908088838,0.8778589258137549,0.8756933039310201,0.04955121445633013,0.006866012321243197
