Slope,Interception,RValue,PValue,Standard Error,RSquare,RSquareAdj,Relative Norm Error,Rel Norm Error Std
0.8784126946909891,-0.844094484042377,0.9264077707230348,2.0670607967688164e-31,0.04267145822593679,,,0.05180892785123031,0.015376095905684149
