Slope,Interception,RValue,PValue,Standard Error,RSquare,RSquareAdj,Relative Norm Error,Rel Norm Error Std
0.8782908703190642,-0.8460276447040158,0.8489238835829606,3.454211509681762e-81,0.03233285257174557,0.6861901362064373,0.6828752432790405,0.07595469088513614,0.026147823999207256
