Slope,Interception,RValue,PValue,Standard Error,RSquare,RSquareAdj,Relative Norm Error,Rel Norm Error Std
0.9409813609897221,-0.41032733025110524,0.9694242612216738,0.0,0.0026429793233681627,0.9369137812541182,0.9368749828416053,0.04282675345020934,0.019837854388410688
