Slope,Interception,RValue,PValue,Standard Error,RSquare,RSquareAdj,Relative Norm Error,Rel Norm Error Std
0.8593333216983632,0.7740346914915959,0.9267245706526439,1.3317854906018006e-123,0.02060235953457011,0.8587491907282367,0.8562447437553332,0.04499170678928071,0.013680678071080726
