Slope,Interception,RValue,PValue,Standard Error,RSquare,RSquareAdj,Relative Norm Error,Rel Norm Error Std
0.8914682012406341,0.6012619719894463,0.7550832529209335,2.282812609067334e-54,0.0457705471594386,0.3890668000454197,0.3826132803275897,0.09106912813671435,0.035758262954394084
