Slope,Interception,RValue,PValue,Standard Error,RSquare,RSquareAdj,Relative Norm Error,Rel Norm Error Std
0.9247080283696445,0.4174574031865852,0.8995437268144084,6.9876145712656e-27,0.053671842911173,,,0.04940878160084413,0.02889587293064121
