Slope,Interception,RValue,PValue,Standard Error,RSquare,RSquareAdj,Relative Norm Error,Rel Norm Error Std
0.9138760951735471,0.47403993238948594,0.9561604689487687,0.0,0.004010765230288489,0.9079785968881231,0.9078842740067046,0.04556610344349004,0.08936536031223634
