Statistical Test,Variable,Variance p value,p value
t-test,BV/TV,0.41010684565412114,1.2740856727422312e-06
t-test,SMI,0.1305759616277281,5.3068294560389026e-09
t-test,Mean Tb N,0.062235842408788766,1.5422219279415117e-08
Permutation test,Mean Tb Sp,0.0001533783817295742,0.012494793835901708
t-test,Mean Tb Th,0.8997960442823607,0.11921315612853155
Permutation test,Coefficient of Variation,0.0038036526877286425,0.010828821324448146
Permutation test,Log Mean Tb Sp,0.0007903704860642291,0.008746355685131196
t-test,Log Coefficient of Variation,0.5822002948626276,5.338522210557884e-09
