Threshold,Min BVTV,Max BVTV
0.4528278436335379,0.013000000000000001,0.4116
