Slope,Interception,RValue,PValue,Standard Error,RSquare,RSquareAdj,Relative Norm Error,Rel Norm Error Std
0.8615673278018348,-0.9786195587723201,0.9220817372493415,0.0,0.008956360281757027,0.8500784071789252,0.8498021388874859,0.05103039027178404,0.06477311210368199
