Slope,Interception,RValue,PValue,Standard Error,RSquare,RSquareAdj,Relative Norm Error,Rel Norm Error Std
0.8144053667097149,1.0351139081615903,0.8855386014255274,0.0,0.010582458291191536,0.7830134754769797,0.7826136231590626,0.05866035379314605,0.1310802050285966
