Slope,Interception,RValue,PValue,Standard Error,RSquare,RSquareAdj,Relative Norm Error,Rel Norm Error Std
0.8057874222569288,1.0041858735963318,0.8975876257657195,0.0,0.008291706185617573,0.8056632291277425,0.8052359275207235,0.09967578397803144,0.25956250493907185
