Slope,Interception,RValue,PValue,Standard Error,RSquare,RSquareAdj,Relative Norm Error,Rel Norm Error Std
0.8263453524213409,0.992661463547087,0.9533532348860566,0.0,0.005496407838649742,0.8832949124917775,0.883038304999455,0.05248557771771503,0.10539290261627611
